FAHRPLAN_UID;reason
TP_14848392603;missing_critical_timestamp
TP_14876642603;missing_critical_timestamp
TP_14877032603;missing_critical_timestamp
TP_14880812603;missing_critical_timestamp
TP_14881612603;missing_critical_timestamp
TP_14888352603;missing_critical_timestamp
TP_14888402603;missing_critical_timestamp
TP_14888752603;missing_critical_timestamp
TP_14888922603;missing_critical_timestamp
TP_14891362603;missing_critical_timestamp
TP_14897952603;missing_critical_timestamp
TP_14898882603;overlapping_activities
TP_14899692603;missing_critical_timestamp
TP_14899892603;missing_critical_timestamp
TP_14901332603;missing_critical_timestamp
TP_14901932603;missing_critical_timestamp
TP_14902262603;missing_critical_timestamp
TP_14908002603;missing_critical_timestamp
TP_14908922603;missing_critical_timestamp
TP_14909932603;missing_critical_timestamp
TP_14910082603;missing_critical_timestamp
TP_14910712603;missing_critical_timestamp
TP_14910822603;missing_critical_timestamp
TP_14912012603;missing_critical_timestamp
TP_14915222603;missing_critical_timestamp
TP_14916012603;missing_critical_timestamp
TP_14917992603;missing_critical_timestamp
TP_14918102603;missing_critical_timestamp
TP_14920522603;missing_critical_timestamp
TP_14920672603;missing_critical_timestamp
TP_14922922603;overlapping_activities
TP_14923842603;missing_critical_timestamp
TP_14925032603;missing_critical_timestamp
TP_14925112603;missing_critical_timestamp
TP_14925202603;gate_out_delay_gt_10h, runtime_gt_12h
TP_14925242603;overlapping_activities
TP_14931332603;overlapping_activities
TP_14932142603;missing_critical_timestamp
TP_14932402603;missing_critical_timestamp
TP_14935002603;missing_critical_timestamp
TP_14937132603;missing_critical_timestamp
TP_14937922603;missing_critical_timestamp
TP_14938042603;overlapping_activities
TP_14941342603;missing_critical_timestamp
TP_14943332603;overlapping_activities
TP_14945332603;missing_critical_timestamp
TP_14946532603;missing_critical_timestamp
TP_14946542603;missing_critical_timestamp
TP_14950672603;missing_critical_timestamp
TP_14951522603;missing_critical_timestamp
TP_14952092603;overlapping_activities
TP_14954392603;missing_critical_timestamp
TP_14956342603;missing_critical_timestamp
TP_14958002603;missing_critical_timestamp
TP_14959682603;missing_critical_timestamp
TP_14959692603;missing_critical_timestamp
TP_14960732603;missing_critical_timestamp
TP_14967772603;missing_critical_timestamp
TP_14972892603;missing_critical_timestamp
TP_14974742603;missing_critical_timestamp
TP_14976342603;missing_critical_timestamp
TP_14978172603;missing_critical_timestamp
TP_14979272603;missing_critical_timestamp
TP_14980172603;missing_critical_timestamp
TP_14981342603;missing_critical_timestamp
TP_14985552603;missing_critical_timestamp
TP_14989082603;missing_critical_timestamp
TP_15002462603;missing_critical_timestamp
TP_15003952603;missing_critical_timestamp
TP_15008082603;missing_critical_timestamp
TP_15018562603;missing_critical_timestamp
TP_15019902603;missing_critical_timestamp
TP_15020732603;missing_critical_timestamp
TP_15023762603;missing_critical_timestamp
TP_15023962603;missing_critical_timestamp
TP_15024682603;missing_critical_timestamp
TP_15025902603;missing_critical_timestamp
TP_15034262603;missing_critical_timestamp
TP_15034952603;missing_critical_timestamp
TP_15037302603;missing_critical_timestamp
TP_15038792603;missing_critical_timestamp
TP_15040642603;missing_critical_timestamp
TP_15041332603;missing_critical_timestamp
TP_15042552603;missing_critical_timestamp
TP_15042882603;missing_critical_timestamp
TP_15043652603;missing_critical_timestamp
TP_15046022603;missing_critical_timestamp
TP_15047242603;missing_critical_timestamp
TP_15051142603;gate_out_delay_gt_10h, runtime_gt_12h
TP_15051152603;gate_out_delay_gt_10h, runtime_gt_12h
TP_15054432603;missing_critical_timestamp
TP_15054852603;missing_critical_timestamp
TP_15060872603;missing_critical_timestamp
TP_15064892603;missing_critical_timestamp
TP_15065802603;negative_duration
TP_15068862603;missing_critical_timestamp
TP_15071092603;missing_critical_timestamp
TP_15071112603;missing_critical_timestamp
TP_15075852603;missing_critical_timestamp
TP_15076802603;missing_critical_timestamp
TP_15082172603;missing_critical_timestamp
TP_15082182603;missing_critical_timestamp
TP_15090642603;missing_critical_timestamp
TP_15093372603;missing_critical_timestamp
TP_15093442603;gate_out_delay_gt_10h, runtime_gt_12h
TP_15094612603;missing_critical_timestamp
TP_15105312603;missing_critical_timestamp
TP_15114262603;missing_critical_timestamp
TP_15115192603;missing_critical_timestamp
TP_15118532603;missing_critical_timestamp
TP_15119292603;missing_critical_timestamp
TP_15122522603;missing_critical_timestamp
TP_15123272603;missing_critical_timestamp
TP_15124862603;missing_critical_timestamp
TP_15125682603;missing_critical_timestamp
TP_15125822603;missing_critical_timestamp
TP_15130702603;overlapping_activities
TP_15132352603;missing_critical_timestamp
TP_15133632603;overlapping_activities
TP_15157912603;missing_critical_timestamp
TP_15159212603;overlapping_activities
TP_15161362603;missing_critical_timestamp
TP_15163062603;missing_critical_timestamp
TP_15164572603;missing_critical_timestamp
TP_15165302603;missing_critical_timestamp
TP_15167062603;missing_critical_timestamp
TP_15168832603;missing_critical_timestamp
TP_15170542603;missing_critical_timestamp
TP_15174442603;missing_critical_timestamp
TP_15174602603;missing_critical_timestamp
TP_15180172603;missing_critical_timestamp
TP_15194222603;missing_critical_timestamp
TP_15195502603;missing_critical_timestamp
TP_15196072603;missing_critical_timestamp
TP_15196482603;missing_critical_timestamp
TP_15198022603;missing_critical_timestamp
TP_15198412603;missing_critical_timestamp
TP_15202432603;missing_critical_timestamp
TP_15204432603;missing_critical_timestamp
TP_15207802603;overlapping_activities
TP_15207892603;missing_critical_timestamp
TP_15208392603;missing_critical_timestamp
TP_15208592603;missing_critical_timestamp
TP_15208692603;missing_critical_timestamp
TP_15210002603;missing_critical_timestamp
TP_15210612603;missing_critical_timestamp
TP_15210962603;missing_critical_timestamp
TP_15213092603;missing_critical_timestamp
TP_15214152603;missing_critical_timestamp
TP_15217902603;missing_critical_timestamp
TP_15219652603;missing_critical_timestamp
TP_15222492603;missing_critical_timestamp
TP_15223292603;missing_critical_timestamp
TP_15224482603;missing_critical_timestamp
TP_15224932603;missing_critical_timestamp
TP_15230932603;missing_critical_timestamp
TP_15232682603;missing_critical_timestamp
TP_15242052603;missing_critical_timestamp
TP_15248202603;missing_critical_timestamp
TP_15248252603;missing_critical_timestamp
TP_15254952603;missing_critical_timestamp
TP_15259842603;missing_critical_timestamp
TP_15260492603;missing_critical_timestamp
TP_15264822603;missing_critical_timestamp
TP_15266472603;missing_critical_timestamp
TP_15267262603;missing_critical_timestamp
TP_15269422603;missing_critical_timestamp
TP_15283852603;missing_critical_timestamp
TP_15286252603;missing_critical_timestamp
TP_15286792603;missing_critical_timestamp
TP_15291602603;missing_critical_timestamp
TP_15292122603;missing_critical_timestamp
TP_15293482603;missing_critical_timestamp
TP_15293752603;missing_critical_timestamp
TP_15293782603;missing_critical_timestamp
TP_15296562603;missing_critical_timestamp
TP_15327382603;missing_critical_timestamp
TP_15330592603;gate_out_delay_gt_10h, runtime_gt_12h
TP_15333732603;overlapping_activities
TP_15334482603;missing_critical_timestamp
TP_15336252603;overlapping_activities
TP_15338522603;missing_critical_timestamp
TP_15339402603;missing_critical_timestamp
TP_15339762603;missing_critical_timestamp
TP_15344072603;missing_critical_timestamp
TP_15344872603;missing_critical_timestamp
TP_15345222603;missing_critical_timestamp
TP_15345642603;missing_critical_timestamp
TP_15346062603;missing_critical_timestamp
TP_15350522603;missing_critical_timestamp
TP_15352492603;missing_critical_timestamp
TP_15357422603;overlapping_activities
TP_15368862603;missing_critical_timestamp
TP_15370042603;missing_critical_timestamp
TP_15370752603;missing_critical_timestamp
TP_15372832603;missing_critical_timestamp
TP_15380842603;missing_critical_timestamp
TP_15381972603;missing_critical_timestamp
TP_15383422603;missing_critical_timestamp
TP_15387522603;missing_critical_timestamp
TP_15399422603;gate_out_delay_gt_10h, runtime_gt_12h
TP_15399582603;missing_critical_timestamp
TP_15401772603;missing_critical_timestamp
TP_15408072603;missing_critical_timestamp
TP_15410822603;gate_out_delay_gt_10h, runtime_gt_12h
TP_15417522603;missing_critical_timestamp
TP_15420272603;missing_critical_timestamp
TP_15420502603;missing_critical_timestamp
TP_15420552603;missing_critical_timestamp
TP_15420592603;missing_critical_timestamp
TP_15420622603;missing_critical_timestamp
TP_15420762603;missing_critical_timestamp
TP_15420852603;missing_critical_timestamp
TP_15421032603;missing_critical_timestamp
TP_15421352603;missing_critical_timestamp
TP_15436962603;missing_critical_timestamp
TP_15437182603;missing_critical_timestamp
TP_15437482603;missing_critical_timestamp
TP_15437942603;gate_out_delay_gt_10h
TP_15438312603;missing_critical_timestamp
TP_15438842603;missing_critical_timestamp
TP_15438902603;missing_critical_timestamp
TP_15438932603;missing_critical_timestamp
TP_15439112603;missing_critical_timestamp
TP_15439162603;missing_critical_timestamp
TP_15439232603;missing_critical_timestamp
TP_15439322603;missing_critical_timestamp
TP_15439382603;missing_critical_timestamp
TP_15439512603;missing_critical_timestamp
TP_15439742603;missing_critical_timestamp
TP_15439752603;missing_critical_timestamp
TP_15439842603;missing_critical_timestamp
TP_15440002603;missing_critical_timestamp
TP_15440112603;missing_critical_timestamp
TP_15440362603;missing_critical_timestamp
TP_15440512603;missing_critical_timestamp
TP_15440562603;missing_critical_timestamp
TP_15440762603;missing_critical_timestamp
TP_15440822603;missing_critical_timestamp
TP_15440862603;missing_critical_timestamp
TP_15442082603;missing_critical_timestamp
TP_15442472603;missing_critical_timestamp
TP_15442722603;missing_critical_timestamp
TP_15442822603;missing_critical_timestamp
TP_15442922603;missing_critical_timestamp
TP_15442942603;missing_critical_timestamp
TP_15442952603;missing_critical_timestamp
TP_15443022603;missing_critical_timestamp
TP_15443712603;missing_critical_timestamp
TP_15443942603;missing_critical_timestamp
TP_15444072603;missing_critical_timestamp
TP_15444182603;missing_critical_timestamp
TP_15444362603;missing_critical_timestamp
TP_15444582603;missing_critical_timestamp
TP_15444612603;missing_critical_timestamp
TP_15444632603;missing_critical_timestamp
TP_15444812603;missing_critical_timestamp
TP_15446122603;missing_critical_timestamp
TP_15447192603;missing_critical_timestamp
TP_15447222603;missing_critical_timestamp
TP_15447442603;missing_critical_timestamp
TP_15447542603;missing_critical_timestamp
TP_15447662603;missing_critical_timestamp
TP_15447762603;missing_critical_timestamp
TP_15447782603;missing_critical_timestamp
TP_15447802603;missing_critical_timestamp
TP_15448012603;missing_critical_timestamp
TP_15448112603;missing_critical_timestamp
TP_15448342603;missing_critical_timestamp
TP_15448362603;missing_critical_timestamp
TP_15448402603;missing_critical_timestamp
TP_15448452603;missing_critical_timestamp
TP_15449622603;missing_critical_timestamp
TP_15450302603;missing_critical_timestamp
TP_15450392603;missing_critical_timestamp
TP_15450432603;missing_critical_timestamp
TP_15450662603;missing_critical_timestamp
TP_15450792603;missing_critical_timestamp
TP_15450962603;missing_critical_timestamp
TP_15451342603;missing_critical_timestamp
TP_15452212603;missing_critical_timestamp
TP_15452872603;missing_critical_timestamp
TP_15452902603;missing_critical_timestamp
TP_15452952603;missing_critical_timestamp
TP_15453122603;missing_critical_timestamp
TP_15453342603;missing_critical_timestamp
TP_15453522603;missing_critical_timestamp
TP_15453632603;missing_critical_timestamp
TP_15454002603;missing_critical_timestamp
TP_15454122603;missing_critical_timestamp
TP_15454132603;missing_critical_timestamp
TP_15454182603;missing_critical_timestamp
TP_15454192603;missing_critical_timestamp
TP_15454222603;missing_critical_timestamp
TP_15454512603;missing_critical_timestamp
TP_15454592603;missing_critical_timestamp
TP_15454632603;missing_critical_timestamp
TP_15454642603;missing_critical_timestamp
TP_15454652603;missing_critical_timestamp
TP_15454782603;missing_critical_timestamp
TP_15454812603;missing_critical_timestamp
TP_15454892603;missing_critical_timestamp
TP_15454912603;missing_critical_timestamp
TP_15454962603;missing_critical_timestamp
TP_15455142603;missing_critical_timestamp
TP_15455332603;missing_critical_timestamp
TP_15455482603;missing_critical_timestamp
TP_15455692603;missing_critical_timestamp
TP_15455972603;missing_critical_timestamp
TP_15456112603;missing_critical_timestamp
TP_15456532603;missing_critical_timestamp
TP_15456762603;missing_critical_timestamp
TP_15456872603;missing_critical_timestamp
TP_15457212603;missing_critical_timestamp
TP_15457252603;missing_critical_timestamp
TP_15457502603;missing_critical_timestamp
TP_15457862603;missing_critical_timestamp
TP_15458632603;missing_critical_timestamp
TP_15458652603;missing_critical_timestamp
TP_15458852603;missing_critical_timestamp
TP_15459042603;missing_critical_timestamp
TP_15459292603;missing_critical_timestamp
TP_15459322603;missing_critical_timestamp
TP_15459372603;missing_critical_timestamp
TP_15459382603;missing_critical_timestamp
TP_15459502603;missing_critical_timestamp
TP_15459612603;missing_critical_timestamp
TP_15459632603;missing_critical_timestamp
TP_15459662603;missing_critical_timestamp
TP_15459672603;missing_critical_timestamp
TP_15459702603;missing_critical_timestamp
TP_15459732603;missing_critical_timestamp
TP_15459762603;missing_critical_timestamp
TP_15459862603;missing_critical_timestamp
TP_15459882603;missing_critical_timestamp
TP_15459892603;missing_critical_timestamp
TP_15460112603;missing_critical_timestamp
TP_15460142603;missing_critical_timestamp
TP_15460242603;missing_critical_timestamp
TP_15460312603;missing_critical_timestamp
TP_15460432603;missing_critical_timestamp
TP_15460522603;missing_critical_timestamp
TP_15460602603;missing_critical_timestamp
TP_15460842603;missing_critical_timestamp
TP_15460872603;missing_critical_timestamp
TP_15460882603;missing_critical_timestamp
TP_15460922603;missing_critical_timestamp
TP_15460932603;missing_critical_timestamp
TP_15461012603;missing_critical_timestamp
TP_15461082603;missing_critical_timestamp
TP_15462432603;missing_critical_timestamp
TP_15462572603;missing_critical_timestamp
TP_15462622603;missing_critical_timestamp
TP_15462922603;missing_critical_timestamp
TP_15463472603;missing_critical_timestamp
TP_15463502603;missing_critical_timestamp
TP_15463752603;missing_critical_timestamp
TP_15463762603;missing_critical_timestamp
TP_15463852603;missing_critical_timestamp
TP_15463882603;missing_critical_timestamp
TP_15463952603;missing_critical_timestamp
TP_15464022603;missing_critical_timestamp
TP_15464092603;missing_critical_timestamp
TP_15464152603;missing_critical_timestamp
TP_15464262603;missing_critical_timestamp
TP_15464382603;missing_critical_timestamp
TP_15464572603;missing_critical_timestamp
TP_15464732603;missing_critical_timestamp
TP_15464752603;missing_critical_timestamp
TP_15465022603;missing_critical_timestamp
TP_15465142603;missing_critical_timestamp
TP_15465252603;missing_critical_timestamp
TP_15465302603;missing_critical_timestamp
TP_15465582603;missing_critical_timestamp
TP_15465902603;missing_critical_timestamp
TP_15466282603;missing_critical_timestamp
TP_15466332603;missing_critical_timestamp
TP_15466482603;missing_critical_timestamp
TP_15466542603;missing_critical_timestamp
TP_15466582603;missing_critical_timestamp
TP_15466772603;missing_critical_timestamp
TP_15466972603;missing_critical_timestamp
TP_15467012603;missing_critical_timestamp
TP_15467162603;missing_critical_timestamp
TP_15467172603;missing_critical_timestamp
TP_15467192603;missing_critical_timestamp
TP_15467242603;missing_critical_timestamp
TP_15467352603;missing_critical_timestamp
TP_15467392603;missing_critical_timestamp
TP_15467412603;missing_critical_timestamp
TP_15467602603;missing_critical_timestamp
TP_15467642603;missing_critical_timestamp
TP_15467712603;missing_critical_timestamp
TP_15467802603;missing_critical_timestamp
TP_15468222603;missing_critical_timestamp
TP_15468532603;missing_critical_timestamp
TP_15468622603;missing_critical_timestamp
TP_15468672603;missing_critical_timestamp
TP_15468772603;missing_critical_timestamp
TP_15468852603;missing_critical_timestamp
TP_15468872603;missing_critical_timestamp
TP_15468882603;missing_critical_timestamp
TP_15468902603;missing_critical_timestamp
TP_15469122603;missing_critical_timestamp
TP_15469192603;missing_critical_timestamp
TP_15469332603;missing_critical_timestamp
TP_15469352603;missing_critical_timestamp
TP_15469442603;missing_critical_timestamp
TP_15469602603;missing_critical_timestamp
TP_15470012603;missing_critical_timestamp
TP_15470042603;missing_critical_timestamp, runtime_gt_12h
TP_15470062603;missing_critical_timestamp
TP_15470162603;missing_critical_timestamp
TP_15470232603;missing_critical_timestamp
TP_15470252603;missing_critical_timestamp
TP_15470442603;missing_critical_timestamp
TP_15470472603;missing_critical_timestamp
TP_15470542603;missing_critical_timestamp
TP_15470562603;missing_critical_timestamp
TP_15470612603;missing_critical_timestamp
TP_15470632603;missing_critical_timestamp
TP_15470662603;missing_critical_timestamp
TP_15470672603;missing_critical_timestamp
TP_15470842603;missing_critical_timestamp
TP_15471082603;missing_critical_timestamp
TP_15471262603;missing_critical_timestamp
TP_15471272603;missing_critical_timestamp
TP_15471382603;missing_critical_timestamp
TP_15471452603;missing_critical_timestamp
TP_15471772603;missing_critical_timestamp
TP_15472072603;missing_critical_timestamp
TP_15472272603;missing_critical_timestamp
TP_15472312603;missing_critical_timestamp
TP_15472352603;missing_critical_timestamp
TP_15472372603;missing_critical_timestamp
TP_15472432603;missing_critical_timestamp
TP_15472482603;missing_critical_timestamp
TP_15472512603;missing_critical_timestamp
TP_15472572603;missing_critical_timestamp
TP_15472662603;missing_critical_timestamp
TP_15472692603;missing_critical_timestamp
TP_15472722603;missing_critical_timestamp
TP_15472822603;missing_critical_timestamp
TP_15472832603;missing_critical_timestamp
TP_15473022603;missing_critical_timestamp
TP_15473262603;missing_critical_timestamp
TP_15473322603;missing_critical_timestamp
TP_15473392603;missing_critical_timestamp
TP_15473612603;missing_critical_timestamp
TP_15473792603;missing_critical_timestamp
TP_15473812603;missing_critical_timestamp
TP_15474142603;missing_critical_timestamp
TP_15474392603;missing_critical_timestamp
TP_15474402603;missing_critical_timestamp
TP_15474432603;missing_critical_timestamp
TP_15474542603;missing_critical_timestamp
TP_15474582603;missing_critical_timestamp
TP_15474592603;missing_critical_timestamp
TP_15474632603;missing_critical_timestamp
TP_15474712603;missing_critical_timestamp
TP_15474732603;missing_critical_timestamp
TP_15474902603;missing_critical_timestamp
TP_15474922603;missing_critical_timestamp
TP_15474982603;missing_critical_timestamp
TP_15474992603;missing_critical_timestamp
TP_15475072603;missing_critical_timestamp
TP_15475142603;missing_critical_timestamp
TP_15475162603;missing_critical_timestamp
TP_15475172603;missing_critical_timestamp
TP_15475232603;missing_critical_timestamp
TP_15475252603;missing_critical_timestamp
TP_15475312603;missing_critical_timestamp
TP_15475502603;missing_critical_timestamp
TP_15475642603;missing_critical_timestamp
TP_15475692603;missing_critical_timestamp
TP_15475862603;missing_critical_timestamp
TP_15475872603;missing_critical_timestamp
TP_15476132603;missing_critical_timestamp
TP_15476332603;missing_critical_timestamp
TP_15476342603;missing_critical_timestamp
TP_15476392603;missing_critical_timestamp
TP_15476472603;missing_critical_timestamp
TP_15476682603;missing_critical_timestamp
TP_15476692603;missing_critical_timestamp
TP_15476822603;missing_critical_timestamp
TP_15476852603;missing_critical_timestamp
TP_15476912603;missing_critical_timestamp
TP_15476972603;missing_critical_timestamp
TP_15477002603;missing_critical_timestamp
TP_15477052603;missing_critical_timestamp
TP_15477922603;missing_critical_timestamp
TP_15477932603;missing_critical_timestamp
TP_15477962603;missing_critical_timestamp
TP_15478002603;missing_critical_timestamp
TP_15478022603;missing_critical_timestamp
TP_15478172603;missing_critical_timestamp
TP_15478182603;missing_critical_timestamp
TP_15478192603;missing_critical_timestamp
TP_15478402603;missing_critical_timestamp
TP_15478442603;missing_critical_timestamp
TP_15478492603;missing_critical_timestamp
TP_15478532603;missing_critical_timestamp
TP_15478662603;missing_critical_timestamp
TP_15478812603;missing_critical_timestamp
TP_15478872604;missing_critical_timestamp
TP_15478882604;missing_critical_timestamp
TP_15478932604;missing_critical_timestamp
TP_15478952604;missing_critical_timestamp
TP_15479212603;missing_critical_timestamp
TP_15479312604;missing_critical_timestamp
TP_15479382604;missing_critical_timestamp
TP_15479392604;missing_critical_timestamp
TP_15479402604;missing_critical_timestamp
TP_15479412604;missing_critical_timestamp
TP_15479472604;missing_critical_timestamp
TP_15479512604;missing_critical_timestamp
TP_15479562604;missing_critical_timestamp
TP_15479652604;missing_critical_timestamp
TP_15479692604;missing_critical_timestamp
TP_15479772604;missing_critical_timestamp
TP_15479802604;missing_critical_timestamp
TP_15479862604;missing_critical_timestamp
TP_15479872604;missing_critical_timestamp
TP_15479882604;missing_critical_timestamp
TP_15479932604;missing_critical_timestamp
TP_15480042604;missing_critical_timestamp
TP_15480132604;missing_critical_timestamp
TP_15480172604;missing_critical_timestamp
TP_15480292604;missing_critical_timestamp
TP_15480332603;missing_critical_timestamp
TP_15480452603;missing_critical_timestamp
TP_15480552604;missing_critical_timestamp
TP_15480622604;missing_critical_timestamp
TP_15480712604;missing_critical_timestamp
TP_15480822604;missing_critical_timestamp
TP_15480872604;missing_critical_timestamp
TP_15480882604;missing_critical_timestamp
TP_15480932604;missing_critical_timestamp
TP_15480972604;missing_critical_timestamp
TP_15481042604;missing_critical_timestamp
TP_15481072604;missing_critical_timestamp
TP_15481762603;missing_critical_timestamp
TP_15481872603;missing_critical_timestamp
TP_15481902603;missing_critical_timestamp
TP_15481912603;missing_critical_timestamp
TP_15482412604;missing_critical_timestamp
TP_15482462604;missing_critical_timestamp
TP_15482482604;missing_critical_timestamp
TP_15482532604;missing_critical_timestamp
TP_15482592604;missing_critical_timestamp
TP_15482762604;missing_critical_timestamp
TP_15482912604;missing_critical_timestamp
TP_15483042604;missing_critical_timestamp
TP_15483062604;missing_critical_timestamp
TP_15483102604;missing_critical_timestamp
TP_15483132604;missing_critical_timestamp
TP_15483202604;missing_critical_timestamp
TP_15483252604;missing_critical_timestamp
TP_15483312604;missing_critical_timestamp
TP_15483392604;missing_critical_timestamp
TP_15483442604;missing_critical_timestamp
TP_15483452604;missing_critical_timestamp
TP_15483472604;missing_critical_timestamp
TP_15483502604;missing_critical_timestamp
TP_15483512604;missing_critical_timestamp
TP_15483522604;missing_critical_timestamp
TP_15483592604;missing_critical_timestamp
TP_15483652604;missing_critical_timestamp
TP_15483672604;missing_critical_timestamp
TP_15483752604;missing_critical_timestamp
TP_15483802604;missing_critical_timestamp
TP_15483832604;missing_critical_timestamp
TP_15483862604;missing_critical_timestamp
TP_15483892604;missing_critical_timestamp
TP_15483912604;missing_critical_timestamp
TP_15484052604;missing_critical_timestamp
TP_15484132604;missing_critical_timestamp
TP_15484252604;missing_critical_timestamp
TP_15484282604;missing_critical_timestamp
TP_15484332604;missing_critical_timestamp
TP_15484362604;missing_critical_timestamp
TP_15484372604;missing_critical_timestamp
TP_15484862604;missing_critical_timestamp
TP_15485042604;missing_critical_timestamp
TP_15485152604;missing_critical_timestamp
TP_15485172604;missing_critical_timestamp
TP_15485202604;missing_critical_timestamp
TP_15485312604;missing_critical_timestamp
TP_15485332604;missing_critical_timestamp
TP_15485452604;missing_critical_timestamp
TP_15485502604;missing_critical_timestamp
TP_15485632604;missing_critical_timestamp
TP_15485712604;missing_critical_timestamp
TP_15485782604;missing_critical_timestamp
TP_15486292604;missing_critical_timestamp
TP_15486512604;missing_critical_timestamp
TP_15486552604;missing_critical_timestamp
TP_15486602604;missing_critical_timestamp
TP_15486932604;missing_critical_timestamp
TP_15487182604;missing_critical_timestamp
TP_15487232604;missing_critical_timestamp
TP_15487242604;missing_critical_timestamp
TP_15487282604;missing_critical_timestamp
TP_15487302604;missing_critical_timestamp
TP_15487482604;missing_critical_timestamp
TP_15487522604;missing_critical_timestamp
TP_15487712604;missing_critical_timestamp
TP_15487872604;missing_critical_timestamp
TP_15488002604;missing_critical_timestamp
TP_15488022604;missing_critical_timestamp
TP_15488092604;missing_critical_timestamp
TP_15488112604;missing_critical_timestamp
TP_15488152604;missing_critical_timestamp
TP_15488192604;missing_critical_timestamp
TP_15488202604;missing_critical_timestamp
TP_15488222604;missing_critical_timestamp
TP_15488392604;missing_critical_timestamp
TP_15488502604;missing_critical_timestamp
TP_15488532604;missing_critical_timestamp
TP_15488622604;missing_critical_timestamp
TP_15488822604;missing_critical_timestamp
TP_15488852604;missing_critical_timestamp
TP_15488922604;missing_critical_timestamp
TP_15489042604;missing_critical_timestamp
TP_15489122604;missing_critical_timestamp
TP_15489152604;missing_critical_timestamp
TP_15489172604;missing_critical_timestamp
TP_15489232604;missing_critical_timestamp
TP_15489292604;missing_critical_timestamp
TP_15489412604;missing_critical_timestamp
TP_15489822604;missing_critical_timestamp
TP_15489902604;missing_critical_timestamp
TP_15489932604;missing_critical_timestamp
TP_15490132604;missing_critical_timestamp
TP_15490302604;missing_critical_timestamp
TP_15490372604;missing_critical_timestamp
TP_15490392604;missing_critical_timestamp
TP_15490452604;missing_critical_timestamp
TP_15490532604;missing_critical_timestamp
TP_15490602604;missing_critical_timestamp
TP_15490712604;missing_critical_timestamp
TP_15490792604;missing_critical_timestamp
TP_15490872604;missing_critical_timestamp
TP_15490962604;missing_critical_timestamp
TP_15491002604;missing_critical_timestamp
TP_15491162604;missing_critical_timestamp
TP_15491212604;missing_critical_timestamp
TP_15491242604;missing_critical_timestamp
TP_15491312604;missing_critical_timestamp
TP_15491422604;missing_critical_timestamp
TP_15491432604;missing_critical_timestamp
TP_15491482604;missing_critical_timestamp
TP_15491582604;missing_critical_timestamp
TP_15491692604;missing_critical_timestamp
TP_15491792604;missing_critical_timestamp
TP_15492122604;missing_critical_timestamp
TP_15492302604;missing_critical_timestamp
TP_15492312604;missing_critical_timestamp
TP_15492412604;missing_critical_timestamp
TP_15492442604;missing_critical_timestamp
TP_15492462604;missing_critical_timestamp
TP_15492492604;missing_critical_timestamp
TP_15492542604;missing_critical_timestamp
TP_15492652604;missing_critical_timestamp
TP_15492782604;missing_critical_timestamp
TP_15493142604;missing_critical_timestamp
TP_15493162604;missing_critical_timestamp
TP_15493272604;missing_critical_timestamp
TP_15493332604;missing_critical_timestamp
TP_15493352604;missing_critical_timestamp
TP_15493402604;missing_critical_timestamp
TP_15493462604;missing_critical_timestamp
TP_15493502604;missing_critical_timestamp
TP_15493552604;missing_critical_timestamp
TP_15493582604;missing_critical_timestamp
TP_15493742604;missing_critical_timestamp
TP_15493752604;missing_critical_timestamp
TP_15493782604;missing_critical_timestamp
TP_15493802604;missing_critical_timestamp
TP_15493922604;missing_critical_timestamp
TP_15494112604;missing_critical_timestamp
TP_15494142604;missing_critical_timestamp
TP_15494202604;missing_critical_timestamp
TP_15494242604;missing_critical_timestamp
TP_15494442604;missing_critical_timestamp
TP_15494462604;missing_critical_timestamp
TP_15494522604;missing_critical_timestamp
TP_15494612604;missing_critical_timestamp
TP_15494792604;missing_critical_timestamp
TP_15494832604;missing_critical_timestamp
TP_15494922604;missing_critical_timestamp
TP_15494942604;missing_critical_timestamp
TP_15494992604;missing_critical_timestamp
TP_15495152604;missing_critical_timestamp
TP_15495282604;missing_critical_timestamp
TP_15495292604;missing_critical_timestamp
TP_15495382604;missing_critical_timestamp
TP_15495412604;missing_critical_timestamp
TP_15495462604;missing_critical_timestamp
TP_15495532604;missing_critical_timestamp
TP_15495992604;missing_critical_timestamp
TP_15496042604;missing_critical_timestamp
TP_15496082604;missing_critical_timestamp
TP_15496242604;missing_critical_timestamp
TP_15496252604;missing_critical_timestamp
TP_15496282604;missing_critical_timestamp
TP_15496442604;missing_critical_timestamp
TP_15496492604;missing_critical_timestamp
TP_15496502604;missing_critical_timestamp
TP_15496532604;missing_critical_timestamp, runtime_gt_12h
TP_15496642604;missing_critical_timestamp
TP_15496652604;missing_critical_timestamp
TP_15496732604;missing_critical_timestamp
TP_15496772604;missing_critical_timestamp
TP_15496792604;missing_critical_timestamp
TP_15496842604;missing_critical_timestamp
TP_15497012604;missing_critical_timestamp
TP_15497022604;missing_critical_timestamp
TP_15497092604;missing_critical_timestamp
TP_15497132604;missing_critical_timestamp
TP_15497512604;missing_critical_timestamp
TP_15497542604;missing_critical_timestamp
TP_15498272604;missing_critical_timestamp
TP_15498322604;missing_critical_timestamp
TP_15498402604;missing_critical_timestamp
TP_15498552604;missing_critical_timestamp
TP_15498592604;missing_critical_timestamp
TP_15498632604;missing_critical_timestamp
TP_15498702604;missing_critical_timestamp
TP_15498812604;missing_critical_timestamp
TP_15498822604;missing_critical_timestamp
TP_15498922604;missing_critical_timestamp
TP_15498962604;missing_critical_timestamp
TP_15498972604;missing_critical_timestamp
TP_15498992604;missing_critical_timestamp
TP_15499022604;missing_critical_timestamp
TP_15499252604;missing_critical_timestamp
TP_15499462604;missing_critical_timestamp
TP_15499772604;missing_critical_timestamp
TP_15499862604;missing_critical_timestamp
TP_15499892604;missing_critical_timestamp
TP_15500072604;missing_critical_timestamp
TP_15500092604;missing_critical_timestamp
TP_15500102604;missing_critical_timestamp
TP_15500122604;missing_critical_timestamp
TP_15500142604;missing_critical_timestamp
TP_15500402604;missing_critical_timestamp
TP_15500542604;missing_critical_timestamp
TP_15500642604;missing_critical_timestamp
TP_15500662604;missing_critical_timestamp
TP_15500692604;missing_critical_timestamp
TP_15500702604;missing_critical_timestamp
TP_15500862604;missing_critical_timestamp
TP_15500882604;missing_critical_timestamp
TP_15500942604;missing_critical_timestamp
TP_15500962604;missing_critical_timestamp
TP_15501002604;missing_critical_timestamp
TP_15501062604;missing_critical_timestamp
TP_15501192604;missing_critical_timestamp
TP_15501222604;missing_critical_timestamp
TP_15501232604;missing_critical_timestamp
TP_15502142604;missing_critical_timestamp
TP_15502172604;missing_critical_timestamp
TP_15502262604;missing_critical_timestamp
TP_15502282604;missing_critical_timestamp
TP_15502312604;missing_critical_timestamp
TP_15502372604;missing_critical_timestamp
TP_15502442604;missing_critical_timestamp
TP_15502812604;missing_critical_timestamp
TP_15502862604;missing_critical_timestamp
TP_15503002604;missing_critical_timestamp
TP_15503052604;missing_critical_timestamp
TP_15503172604;overlapping_activities
TP_15503192604;missing_critical_timestamp
TP_15503202604;missing_critical_timestamp
TP_15503272604;missing_critical_timestamp
TP_15503412604;missing_critical_timestamp
TP_15503452604;missing_critical_timestamp
TP_15503572604;missing_critical_timestamp
TP_15503642604;missing_critical_timestamp
TP_15504772604;missing_critical_timestamp
TP_15504872604;missing_critical_timestamp
TP_15505102604;missing_critical_timestamp
TP_15505192604;missing_critical_timestamp
TP_15505442604;missing_critical_timestamp
TP_15505502604;missing_critical_timestamp
TP_15505522604;missing_critical_timestamp
TP_15505542604;missing_critical_timestamp
TP_15505672604;missing_critical_timestamp
TP_15505702604;missing_critical_timestamp
TP_15505822604;missing_critical_timestamp
TP_15505912604;missing_critical_timestamp
TP_15506062604;missing_critical_timestamp
TP_15506122604;missing_critical_timestamp
TP_15506142604;missing_critical_timestamp
TP_15506192604;missing_critical_timestamp
TP_15506212604;missing_critical_timestamp
TP_15506582604;missing_critical_timestamp
TP_15507242604;missing_critical_timestamp
TP_15507372604;missing_critical_timestamp
TP_15507462604;missing_critical_timestamp
TP_15507502604;missing_critical_timestamp
TP_15507602604;missing_critical_timestamp
TP_15507742604;missing_critical_timestamp
TP_15507792604;missing_critical_timestamp
TP_15507872604;missing_critical_timestamp
TP_15507942604;missing_critical_timestamp
TP_15508082604;missing_critical_timestamp
TP_15508202604;missing_critical_timestamp
TP_15508262604;missing_critical_timestamp
TP_15508462604;missing_critical_timestamp
TP_15508592604;missing_critical_timestamp
TP_15508692604;missing_critical_timestamp
TP_15508732604;missing_critical_timestamp
TP_15508802604;missing_critical_timestamp
TP_15508882604;missing_critical_timestamp
TP_15509052604;missing_critical_timestamp
TP_15509082604;missing_critical_timestamp
TP_15509262604;missing_critical_timestamp
TP_15509332604;missing_critical_timestamp
TP_15509342604;missing_critical_timestamp
TP_15509412604;missing_critical_timestamp
TP_15509432604;missing_critical_timestamp
TP_15509602604;missing_critical_timestamp
TP_15509632604;missing_critical_timestamp
TP_15509672604;missing_critical_timestamp
TP_15509812604;missing_critical_timestamp
TP_15509852604;missing_critical_timestamp
TP_15509962604;missing_critical_timestamp
TP_15509982604;missing_critical_timestamp
TP_15510522604;missing_critical_timestamp
TP_15510612604;missing_critical_timestamp
TP_15510702604;missing_critical_timestamp
TP_15511112604;missing_critical_timestamp
TP_15511232604;missing_critical_timestamp
TP_15511342604;missing_critical_timestamp
TP_15511452604;missing_critical_timestamp
TP_15511472604;missing_critical_timestamp
TP_15511482604;missing_critical_timestamp
TP_15511542604;missing_critical_timestamp
TP_15511592604;missing_critical_timestamp
TP_15511622604;missing_critical_timestamp
TP_15511692604;missing_critical_timestamp
TP_15511732604;missing_critical_timestamp
TP_15511892604;missing_critical_timestamp
TP_15511922604;missing_critical_timestamp
TP_15511952604;missing_critical_timestamp
TP_15512012604;missing_critical_timestamp
TP_15512352604;missing_critical_timestamp
TP_15512602604;missing_critical_timestamp
TP_15512832604;missing_critical_timestamp
TP_15512962604;missing_critical_timestamp
TP_15513102604;missing_critical_timestamp
TP_15513182604;missing_critical_timestamp
TP_15513342604;missing_critical_timestamp
TP_15513362604;missing_critical_timestamp
TP_15513632604;missing_critical_timestamp
TP_15513682604;missing_critical_timestamp
TP_15513812604;missing_critical_timestamp
TP_15513892604;missing_critical_timestamp
TP_15514052604;missing_critical_timestamp
TP_15514162604;missing_critical_timestamp
TP_15514172604;missing_critical_timestamp
TP_15514322604;missing_critical_timestamp
TP_15514382604;missing_critical_timestamp
TP_15514442604;missing_critical_timestamp
TP_15514512604;missing_critical_timestamp
TP_15514612604;missing_critical_timestamp
TP_15515102604;missing_critical_timestamp
TP_15515152604;missing_critical_timestamp
TP_15515222604;missing_critical_timestamp
TP_15515252604;missing_critical_timestamp
TP_15515322604;missing_critical_timestamp
TP_15515822604;missing_critical_timestamp
TP_15516152604;missing_critical_timestamp
TP_15516242604;missing_critical_timestamp
TP_15516442604;missing_critical_timestamp
TP_15516482604;missing_critical_timestamp
TP_15516752604;missing_critical_timestamp
TP_15516782604;missing_critical_timestamp
TP_15516842604;missing_critical_timestamp
TP_15516962604;missing_critical_timestamp
TP_15517662604;missing_critical_timestamp
TP_15517692604;missing_critical_timestamp
TP_15517852604;missing_critical_timestamp
TP_15517922604;missing_critical_timestamp
TP_15517952604;missing_critical_timestamp
TP_15518062604;missing_critical_timestamp
TP_15518072604;missing_critical_timestamp
TP_15518242604;missing_critical_timestamp
TP_15518422604;missing_critical_timestamp
TP_15518432604;missing_critical_timestamp
TP_15518542604;missing_critical_timestamp
TP_15518562604;missing_critical_timestamp
TP_15518682604;missing_critical_timestamp
TP_15518732604;missing_critical_timestamp
TP_15518762604;missing_critical_timestamp
TP_15518922604;missing_critical_timestamp
TP_15519002604;missing_critical_timestamp
TP_15519032604;missing_critical_timestamp
TP_15519112604;missing_critical_timestamp
TP_15519282604;missing_critical_timestamp
TP_15519312604;missing_critical_timestamp
TP_15519332604;missing_critical_timestamp
TP_15519382604;missing_critical_timestamp
TP_15519412604;missing_critical_timestamp
TP_15519712604;missing_critical_timestamp
TP_15519792604;missing_critical_timestamp
TP_15519812604;missing_critical_timestamp
TP_15520032604;missing_critical_timestamp
TP_15520162604;missing_critical_timestamp
TP_15520302604;missing_critical_timestamp
TP_15520332604;missing_critical_timestamp
TP_15520352604;missing_critical_timestamp
TP_15520572604;missing_critical_timestamp
TP_15520622604;negative_duration
TP_15520762604;missing_critical_timestamp
TP_15520912604;missing_critical_timestamp
TP_15521042604;missing_critical_timestamp
TP_15521162604;missing_critical_timestamp
TP_15521232604;missing_critical_timestamp
TP_15521492604;missing_critical_timestamp
TP_15521582604;missing_critical_timestamp
TP_15521732604;missing_critical_timestamp
TP_15521762604;missing_critical_timestamp
TP_15521842604;missing_critical_timestamp
TP_15522022604;missing_critical_timestamp
TP_15522052604;missing_critical_timestamp
TP_15522122604;missing_critical_timestamp
TP_15522222604;missing_critical_timestamp
TP_15522262604;missing_critical_timestamp
TP_15522342604;missing_critical_timestamp
TP_15522372604;missing_critical_timestamp
TP_15522442604;missing_critical_timestamp
TP_15522462604;missing_critical_timestamp
TP_15522542604;missing_critical_timestamp
TP_15522572604;missing_critical_timestamp
TP_15522672604;missing_critical_timestamp
TP_15522692604;missing_critical_timestamp
TP_15522812604;missing_critical_timestamp
TP_15522822604;missing_critical_timestamp
TP_15522902604;missing_critical_timestamp
TP_15522932604;missing_critical_timestamp
TP_15523882604;missing_critical_timestamp
TP_15523962604;missing_critical_timestamp
TP_15524002604;missing_critical_timestamp
TP_15524142604;missing_critical_timestamp
TP_15524292604;missing_critical_timestamp
TP_15524322604;missing_critical_timestamp
TP_15524382604;missing_critical_timestamp
TP_15525322604;missing_critical_timestamp
TP_15525462604;missing_critical_timestamp
TP_15526472604;missing_critical_timestamp
TP_15539412604;missing_critical_timestamp
TP_15539482604;missing_critical_timestamp
TP_15539512604;missing_critical_timestamp
TP_15539562604;missing_critical_timestamp
TP_15539602604;missing_critical_timestamp
TP_15539612604;missing_critical_timestamp
TP_15539622604;missing_critical_timestamp
TP_15539662604;missing_critical_timestamp
TP_15540532604;missing_critical_timestamp
TP_15540642604;missing_critical_timestamp
TP_15540752604;missing_critical_timestamp
TP_15540812604;missing_critical_timestamp
TP_15540822604;missing_critical_timestamp
TP_15540982604;missing_critical_timestamp
TP_15540992604;missing_critical_timestamp
TP_15541162604;missing_critical_timestamp
TP_15541222604;missing_critical_timestamp
TP_15541262604;missing_critical_timestamp
TP_15541342604;missing_critical_timestamp
TP_15541382604;missing_critical_timestamp
TP_15541442604;missing_critical_timestamp
TP_15541482604;missing_critical_timestamp
TP_15541562604;missing_critical_timestamp
TP_15541642604;missing_critical_timestamp
TP_15541772604;missing_critical_timestamp
TP_15541792604;missing_critical_timestamp
TP_15543292604;missing_critical_timestamp
TP_15543412604;missing_critical_timestamp
TP_15544252604;missing_critical_timestamp
TP_15570212604;overlapping_activities
TP_15571702604;missing_critical_timestamp
TP_15572592604;overlapping_activities
TP_15579692604;missing_critical_timestamp
TP_15580312604;overlapping_activities
TP_15583892604;missing_critical_timestamp
TP_15586052604;overlapping_activities
TP_15587242604;overlapping_activities
TP_15589122604;missing_critical_timestamp
TP_15593472604;missing_critical_timestamp
TP_15593742604;missing_critical_timestamp
TP_15594902604;overlapping_activities
TP_15595992604;missing_critical_timestamp
TP_15597232604;missing_critical_timestamp
TP_15600122604;missing_critical_timestamp
TP_15600682604;missing_critical_timestamp
TP_15601872604;missing_critical_timestamp
TP_15602882604;overlapping_activities
TP_15603742604;missing_critical_timestamp
TP_15606942604;missing_critical_timestamp
TP_15608522604;missing_critical_timestamp
TP_15609072604;overlapping_activities
TP_15610072604;missing_critical_timestamp
TP_15612812604;missing_critical_timestamp
TP_15614162604;missing_critical_timestamp
TP_15614312604;missing_critical_timestamp
TP_15615282604;missing_critical_timestamp
TP_15615532604;missing_critical_timestamp
TP_15617162604;missing_critical_timestamp
TP_15617182604;missing_critical_timestamp
TP_15620222604;missing_critical_timestamp
TP_15620502604;missing_critical_timestamp
TP_15620932604;missing_critical_timestamp
TP_15621462604;missing_critical_timestamp
TP_15622222604;missing_critical_timestamp
TP_15625182604;missing_critical_timestamp
TP_15631052604;missing_critical_timestamp
TP_15631302604;missing_critical_timestamp
TP_15631792604;overlapping_activities
TP_15634022604;missing_critical_timestamp
TP_15635002604;missing_critical_timestamp
TP_15641202604;missing_critical_timestamp
TP_15641212604;missing_critical_timestamp
TP_15650142604;missing_critical_timestamp
TP_15651082604;missing_critical_timestamp
TP_15657382604;missing_critical_timestamp
TP_15658712604;missing_critical_timestamp
TP_15658792604;missing_critical_timestamp
TP_15659552604;missing_critical_timestamp
TP_15663552604;missing_critical_timestamp
TP_15666032604;missing_critical_timestamp
TP_15667862604;missing_critical_timestamp
TP_15669072604;missing_critical_timestamp
TP_15673582604;missing_critical_timestamp
TP_15693112604;overlapping_activities
TP_15696542604;overlapping_activities
TP_15701242604;missing_critical_timestamp
TP_15701702604;missing_critical_timestamp
TP_15702312604;missing_critical_timestamp
TP_15702392604;missing_critical_timestamp
TP_15702582604;missing_critical_timestamp
TP_15706092604;missing_critical_timestamp
TP_15706892604;gate_out_delay_gt_10h, runtime_gt_12h
TP_15708352604;missing_critical_timestamp
TP_15709172604;missing_critical_timestamp
TP_15711422604;missing_critical_timestamp
TP_15711842604;missing_critical_timestamp
TP_15711852604;missing_critical_timestamp
TP_15712182604;missing_critical_timestamp
TP_15712932604;missing_critical_timestamp
TP_15714642604;missing_critical_timestamp
TP_15714762604;gate_out_delay_gt_10h, runtime_gt_12h
TP_15714992604;gate_out_delay_gt_10h, runtime_gt_12h
TP_15715932604;missing_critical_timestamp
TP_15718252604;missing_critical_timestamp
TP_15723012604;missing_critical_timestamp
TP_15724432604;overlapping_activities
TP_15730932604;overlapping_activities
TP_15734352604;overlapping_activities
TP_15734672604;missing_critical_timestamp
TP_15734832604;missing_critical_timestamp
TP_15736092604;missing_critical_timestamp
TP_15736412604;overlapping_activities
TP_15738832604;missing_critical_timestamp
TP_15738842604;missing_critical_timestamp
TP_15739522604;missing_critical_timestamp
TP_15740052604;missing_critical_timestamp
TP_15740112604;gate_out_delay_gt_10h, runtime_gt_12h
TP_15740932604;missing_critical_timestamp
TP_15741042604;missing_critical_timestamp
TP_15741612604;missing_critical_timestamp
TP_15741852604;gate_out_delay_gt_10h
TP_15742072604;missing_critical_timestamp
TP_15742162604;missing_critical_timestamp
TP_15742192604;missing_critical_timestamp
TP_15742232604;missing_critical_timestamp
TP_15742372604;missing_critical_timestamp
TP_15742632604;missing_critical_timestamp
TP_15742652604;missing_critical_timestamp
TP_15744132604;missing_critical_timestamp
TP_15744152604;gate_out_delay_gt_10h, runtime_gt_12h
TP_15744732604;missing_critical_timestamp
TP_15745512604;missing_critical_timestamp
TP_15749592604;missing_critical_timestamp
TP_15749622604;missing_critical_timestamp
TP_15752002604;missing_critical_timestamp
TP_15753422604;missing_critical_timestamp
TP_15755462604;missing_critical_timestamp
TP_15757162604;missing_critical_timestamp
TP_15757272604;missing_critical_timestamp
TP_15758542604;missing_critical_timestamp
TP_15758852604;missing_critical_timestamp
TP_15758962604;missing_critical_timestamp
TP_15761352604;missing_critical_timestamp
TP_15762232604;missing_critical_timestamp
TP_15762662604;overlapping_activities
TP_15764872604;gate_out_delay_gt_10h, runtime_gt_12h
TP_15765032604;missing_critical_timestamp
TP_15767432604;missing_critical_timestamp
TP_15769102604;missing_critical_timestamp
TP_15769862604;missing_critical_timestamp
TP_15772082604;overlapping_activities
TP_15772482604;missing_critical_timestamp
TP_15773722604;missing_critical_timestamp
TP_15773842604;missing_critical_timestamp
TP_15774752604;gate_out_delay_gt_10h, runtime_gt_12h
TP_15783232604;missing_critical_timestamp
TP_15785262604;missing_critical_timestamp
TP_15786432604;missing_critical_timestamp
TP_15790872604;missing_critical_timestamp
TP_15791152604;missing_critical_timestamp
TP_15791452604;missing_critical_timestamp
TP_15800492604;missing_critical_timestamp
TP_15804432604;missing_critical_timestamp
TP_15808362604;missing_critical_timestamp
TP_15809442604;missing_critical_timestamp
TP_15809582604;missing_critical_timestamp
TP_15811352604;missing_critical_timestamp
TP_15812222604;missing_critical_timestamp
TP_15820822604;missing_critical_timestamp
TP_15822042604;missing_critical_timestamp
TP_15825072604;negative_duration
TP_15825202604;missing_critical_timestamp
TP_15825222604;missing_critical_timestamp
TP_15829952604;missing_critical_timestamp
TP_15847712604;missing_critical_timestamp
TP_15848122604;missing_critical_timestamp
TP_15848362604;missing_critical_timestamp
TP_15848562604;missing_critical_timestamp
TP_15848682604;missing_critical_timestamp
TP_15848742604;missing_critical_timestamp
TP_15848752604;missing_critical_timestamp
TP_15849532604;missing_critical_timestamp
TP_15849712604;missing_critical_timestamp
TP_15850032604;missing_critical_timestamp
TP_15850512604;missing_critical_timestamp
TP_15850542604;missing_critical_timestamp
TP_15851052604;missing_critical_timestamp
TP_15851322604;missing_critical_timestamp
TP_15851402604;missing_critical_timestamp
TP_15852062604;missing_critical_timestamp
TP_15852092604;missing_critical_timestamp
TP_15852112604;missing_critical_timestamp
TP_15852292604;missing_critical_timestamp
TP_15852632604;missing_critical_timestamp
TP_15852682604;missing_critical_timestamp
TP_15852752604;missing_critical_timestamp
TP_15854292604;missing_critical_timestamp
TP_15854622604;missing_critical_timestamp
TP_15855122604;missing_critical_timestamp
TP_15855362604;missing_critical_timestamp
TP_15855512604;missing_critical_timestamp
TP_15855522604;missing_critical_timestamp
TP_15856062604;missing_critical_timestamp
TP_15856312604;missing_critical_timestamp
TP_15856372604;missing_critical_timestamp
TP_15856772604;gate_out_delay_gt_10h, runtime_gt_12h
TP_15856922604;missing_critical_timestamp
TP_15857172604;missing_critical_timestamp
TP_15857532604;missing_critical_timestamp
TP_15857722604;missing_critical_timestamp
TP_15857812604;missing_critical_timestamp
TP_15857872604;missing_critical_timestamp
TP_15857912604;missing_critical_timestamp
TP_15858072604;missing_critical_timestamp
TP_15858452604;missing_critical_timestamp
TP_15859152604;missing_critical_timestamp
TP_15859332604;missing_critical_timestamp
TP_15862132604;missing_critical_timestamp
TP_15862302604;missing_critical_timestamp
TP_15862602604;missing_critical_timestamp
TP_15862732604;missing_critical_timestamp
TP_15862782604;missing_critical_timestamp
TP_15863032604;missing_critical_timestamp
TP_15863062604;missing_critical_timestamp
TP_15863332604;missing_critical_timestamp
TP_15863492604;missing_critical_timestamp
TP_15863602604;missing_critical_timestamp
TP_15864172604;missing_critical_timestamp
TP_15864232604;missing_critical_timestamp
TP_15864542604;missing_critical_timestamp
TP_15865062604;missing_critical_timestamp
TP_15866432604;missing_critical_timestamp
TP_15866882604;overlapping_activities
TP_15867352604;missing_critical_timestamp
TP_15867462604;missing_critical_timestamp
TP_15867842604;missing_critical_timestamp
TP_15868352604;missing_critical_timestamp
TP_15868522604;missing_critical_timestamp
TP_15868762604;missing_critical_timestamp
TP_15868802604;missing_critical_timestamp
TP_15869072604;missing_critical_timestamp
TP_15869172604;missing_critical_timestamp
TP_15869212604;missing_critical_timestamp
TP_15869482604;missing_critical_timestamp
TP_15869692604;missing_critical_timestamp
TP_15872262604;missing_critical_timestamp
TP_15874472604;missing_critical_timestamp
TP_15875042604;missing_critical_timestamp
TP_15875262604;missing_critical_timestamp
TP_15875942604;overlapping_activities
TP_15876282604;missing_critical_timestamp
TP_15876302604;missing_critical_timestamp
TP_15876502604;missing_critical_timestamp
TP_15876902604;missing_critical_timestamp
TP_15877192604;missing_critical_timestamp
TP_15878192604;missing_critical_timestamp
TP_15878452604;missing_critical_timestamp
TP_15878632604;missing_critical_timestamp
TP_15878812604;missing_critical_timestamp
TP_15879092604;missing_critical_timestamp
TP_15879152604;missing_critical_timestamp
TP_15880022604;missing_critical_timestamp
TP_15880042604;missing_critical_timestamp
TP_15880452604;missing_critical_timestamp
TP_15881052604;missing_critical_timestamp
TP_15881062604;missing_critical_timestamp
TP_15881102604;missing_critical_timestamp
TP_15881242604;missing_critical_timestamp
TP_15881602604;missing_critical_timestamp
TP_15881662604;missing_critical_timestamp
TP_15881912604;missing_critical_timestamp
TP_15881972604;missing_critical_timestamp
TP_15882012604;missing_critical_timestamp
TP_15882252604;missing_critical_timestamp
TP_15882762604;missing_critical_timestamp
TP_15882982604;missing_critical_timestamp
TP_15883332604;missing_critical_timestamp
TP_15885012604;missing_critical_timestamp
TP_15886172604;missing_critical_timestamp
TP_15886802604;missing_critical_timestamp
TP_15887132604;missing_critical_timestamp
TP_15887532604;missing_critical_timestamp
TP_15888422604;missing_critical_timestamp
TP_15888742604;missing_critical_timestamp
TP_15889242604;gate_out_delay_gt_10h, runtime_gt_12h
TP_15890962604;missing_critical_timestamp
TP_15892532604;overlapping_activities
TP_15892632604;missing_critical_timestamp
TP_15892702604;missing_critical_timestamp
TP_15893552604;missing_critical_timestamp
TP_15894602604;gate_out_delay_gt_10h, runtime_gt_12h
TP_15899202604;missing_critical_timestamp
TP_15899512604;missing_critical_timestamp
TP_15899842604;missing_critical_timestamp
TP_15900602604;runtime_gt_12h
TP_15902572604;missing_critical_timestamp
TP_15904142604;overlapping_activities
TP_15905102604;missing_critical_timestamp
TP_15905132604;missing_critical_timestamp
TP_15921242604;missing_critical_timestamp
TP_15922772604;missing_critical_timestamp
TP_15927882604;missing_critical_timestamp
TP_15928472604;missing_critical_timestamp
TP_15932552604;missing_critical_timestamp
TP_15933512604;overlapping_activities
TP_15935882604;missing_critical_timestamp
TP_15936822604;missing_critical_timestamp
TP_15937142604;missing_critical_timestamp
TP_15940582604;missing_critical_timestamp
TP_15941132604;missing_critical_timestamp
TP_15943822604;missing_critical_timestamp
TP_15944092604;missing_critical_timestamp
TP_15947442604;missing_critical_timestamp
TP_15951152604;missing_critical_timestamp
TP_15953102604;gate_out_delay_gt_10h, runtime_gt_12h
TP_15953322604;gate_out_delay_gt_10h, runtime_gt_12h
TP_15955062604;gate_out_delay_gt_10h
TP_15955202604;missing_critical_timestamp
TP_15958182604;missing_critical_timestamp
TP_15958792604;missing_critical_timestamp
TP_15958872604;missing_critical_timestamp
TP_15968122604;missing_critical_timestamp
TP_15970742604;missing_critical_timestamp
TP_15971312604;missing_critical_timestamp
TP_15981202604;missing_critical_timestamp
TP_16002822604;missing_critical_timestamp
TP_16004242604;missing_critical_timestamp
TP_16004662604;overlapping_activities
TP_16005142604;missing_critical_timestamp
TP_16005822604;missing_critical_timestamp
TP_16007512604;missing_critical_timestamp
TP_16009632604;missing_critical_timestamp
TP_16010732604;missing_critical_timestamp
TP_16011282604;missing_critical_timestamp
TP_16015652604;missing_critical_timestamp
TP_16022372604;missing_critical_timestamp
TP_16024302604;overlapping_activities
TP_16024902604;missing_critical_timestamp
TP_16033502604;missing_critical_timestamp
TP_16034042604;missing_critical_timestamp
TP_16036232604;missing_critical_timestamp
TP_16038002604;missing_critical_timestamp
TP_16039042604;missing_critical_timestamp
TP_16040392604;missing_critical_timestamp
TP_16041842604;missing_critical_timestamp
TP_16042502604;missing_critical_timestamp
TP_16044092604;missing_critical_timestamp
TP_16045402604;missing_critical_timestamp
TP_16048222604;missing_critical_timestamp
TP_16048592604;missing_critical_timestamp
TP_16048622604;missing_critical_timestamp
TP_16049472604;missing_critical_timestamp
TP_16049602604;missing_critical_timestamp
TP_16050082604;missing_critical_timestamp
TP_16050352604;missing_critical_timestamp
TP_16051592604;missing_critical_timestamp
TP_16052072604;missing_critical_timestamp
TP_16053482604;missing_critical_timestamp
TP_16055392604;overlapping_activities
TP_16056402604;missing_critical_timestamp
TP_16057822604;missing_critical_timestamp
TP_16058172604;missing_critical_timestamp
TP_16062392604;missing_critical_timestamp
TP_16062492604;overlapping_activities
TP_16062592604;missing_critical_timestamp
TP_16063052604;missing_critical_timestamp
TP_16063222604;missing_critical_timestamp
TP_16066812604;missing_critical_timestamp
TP_16067042604;missing_critical_timestamp
TP_16067922604;missing_critical_timestamp
TP_16068072604;overlapping_activities
TP_16073442604;missing_critical_timestamp
TP_16073752604;missing_critical_timestamp
TP_16075362604;missing_critical_timestamp
TP_16075392604;missing_critical_timestamp
TP_16080452604;missing_critical_timestamp
TP_16081412604;missing_critical_timestamp
TP_16081822604;missing_critical_timestamp
TP_16083492604;missing_critical_timestamp
TP_16084722604;missing_critical_timestamp
TP_16085952604;missing_critical_timestamp
TP_16086432604;overlapping_activities
TP_16088362604;missing_critical_timestamp
