seed,scenario,sim_cases,sim_events,rmg_events,mean_turnaround_min,median_turnaround_min,p90_turnaround_min,max_turnaround_min,mean_rmg_service_min,median_rmg_service_min,p90_rmg_service_min,mean_rmg_pre_service_min,median_rmg_pre_service_min,p90_rmg_pre_service_min,rmg_receive_events,mean_rmg_receive_service_min,median_rmg_receive_service_min,p90_rmg_receive_service_min,mean_rmg_receive_pre_service_min,median_rmg_receive_pre_service_min,p90_rmg_receive_pre_service_min,rmg_delivery_events,mean_rmg_delivery_service_min,median_rmg_delivery_service_min,p90_rmg_delivery_service_min,mean_rmg_delivery_pre_service_min,median_rmg_delivery_pre_service_min,p90_rmg_delivery_pre_service_min,mean_inter_arrival_min,zero_inter_arrival_share,arrival_span_min,arrival_rate_per_elapsed_hour,service_events_above_24h,turnaround_cases_above_24h
42,baseline,17892,54994,14457,31.48401520232506,28.0,53.0,352.0,10.794909040603168,8.0,21.0,7.943349242581449,5.0,19.0,8040,11.275124378109453,9.0,22.0,8.038059701492537,5.0,19.0,5441,8.6934387061202,6.0,17.0,7.8200698401029225,5.0,18.0,0.8192946174053993,0.5416131015594433,14658.0,73.23372902169464,0,0
42,t22_closed,17892,54961,14366,31.994969818913482,28.0,54.0,232.0,10.875121815397467,8.0,22.0,8.238062091048308,6.0,19.0,8038,11.422617566558845,9.0,22.0,8.26349838268226,5.0,19.0,5362,8.695635956732563,6.0,17.0,8.168034315553898,6.0,18.0,0.8192946174053993,0.5416131015594433,14658.0,73.23372902169464,0,0
42,demand_plus_20pct,17892,54968,14413,31.729488039347196,28.0,54.0,406.0,11.016790397557761,8.0,22.0,7.98314022063415,5.0,19.0,8063,11.368597296291703,9.0,22.0,8.080863202282028,5.0,19.0,5376,8.999813988095237,7.0,18.0,7.843377976190476,5.0,19.0,0.7070594153484993,0.5991839472360405,12650.0,84.85849802371541,0,0
43,baseline,17892,55044,14271,31.56052984574111,28.0,53.0,370.0,10.833438441594843,8.0,21.0,7.89082755237895,5.0,18.0,8006,11.304896327754184,9.0,22.0,8.059330502123407,5.0,19.0,5316,8.707863054928518,6.0,17.0,7.629044394281415,5.0,18.0,0.8389693141803142,0.5384830361634342,15010.0,71.51632245169887,0,0
43,t22_closed,17892,55068,14289,31.654202995752293,28.0,54.0,563.0,10.877668136328644,8.0,22.0,7.989432430540975,5.0,18.0,8039,11.280880706555541,9.0,22.0,8.154372434382386,6.0,19.0,5287,8.76035558918101,7.0,17.0,7.805560809532817,5.0,18.0,0.8389693141803142,0.5384830361634342,15010.0,71.51632245169887,0,0
43,demand_plus_20pct,17892,54989,14292,31.609210820478427,28.0,54.0,321.0,10.982087881332214,8.0,22.0,7.97243212986286,5.0,18.0,8024,11.400299102691925,9.0,22.0,8.05234297108674,5.0,19.0,5306,8.945910290237467,7.0,18.0,7.832642291745194,5.0,18.0,0.7234922586775474,0.5978424906377509,12944.0,82.93108776266996,0,0
44,baseline,17892,55076,14307,31.5041918175721,28.0,54.0,396.0,10.78709722513455,8.0,21.0,7.872230376738659,5.0,18.0,8029,11.197907585004359,9.0,22.0,8.034375389214098,5.0,18.0,5317,8.74346435960128,6.0,17.400000000000546,7.615008463419222,5.0,18.0,0.8147672013861719,0.547593762226818,14577.0,73.64066680386911,0,0
44,t22_closed,17892,55127,14289,31.83316566063045,28.0,54.0,491.0,10.855483238855063,8.0,22.0,7.99510112674085,5.0,19.0,8008,11.309815184815184,9.0,22.0,8.181693306693306,5.0,19.0,5329,8.719084255957966,7.0,17.0,7.802214299118034,5.0,18.0,0.8147672013861719,0.547593762226818,14577.0,73.64066680386911,0,0
44,demand_plus_20pct,17892,55113,14294,31.751620836127877,28.0,54.0,762.0,10.926122848747726,8.0,21.0,7.874842591297048,5.0,18.0,7978,11.334921032840311,9.0,22.0,7.955753321634495,5.0,18.0,5358,8.907801418439716,7.0,18.0,7.8167226577081,5.0,18.0,0.7034263037281314,0.6041026214297691,12585.0,85.29678188319429,0,0
45,baseline,17892,55041,14328,31.702380952380953,28.0,54.0,501.0,10.900544388609715,8.0,22.0,7.93962869905081,5.0,19.0,8081,11.26184878109145,9.0,22.0,8.074495730726396,5.0,19.0,5247,8.78482942633886,6.0,18.0,7.81093958452449,5.0,19.0,0.8275669330948522,0.5407746911855122,14806.0,72.50168850466028,0,0
45,t22_closed,17892,55041,14327,31.69081153588196,28.0,54.0,408.0,10.85070147274377,8.0,22.0,7.962308927200391,5.0,19.0,8084,11.1448540326571,9.0,22.0,8.171202375061851,6.0,19.0,5244,8.975591151792525,7.0,18.0,7.73093058733791,5.0,18.0,0.8275669330948522,0.5407746911855122,14806.0,72.50168850466028,0,0
45,demand_plus_20pct,17892,55066,14353,31.73345629331545,28.0,54.0,314.0,10.969901762697694,8.0,22.0,7.888385703337281,5.0,18.0,8085,11.408905380333952,9.0,22.0,7.9713048855906,5.0,18.0,5279,8.656184883500663,6.0,17.0,7.734608827429438,5.0,18.0,0.7141020624895199,0.5989044771113968,12776.0,84.02160300563557,0,0
46,baseline,17892,55093,14370,31.661468812877263,28.0,54.0,411.0,10.811203897007655,8.0,22.0,7.912178148921364,5.0,18.0,8089,11.203115341822228,9.0,22.0,8.043021387068858,5.0,19.0,5329,8.844623756802402,7.0,17.0,7.747607431037718,5.0,18.0,0.829076071767928,0.5428427701078755,14833.0,72.36971617339715,0,0
46,t22_closed,17892,55040,14413,31.519170579029733,28.0,53.0,483.0,10.806285991812947,8.0,22.0,7.785263303961702,5.0,18.0,8113,11.214963638604708,9.0,22.0,7.946382349315913,5.0,18.0,5335,8.833552014995314,6.0,18.0,7.599062792877226,5.0,18.0,0.829076071767928,0.5428427701078755,14833.0,72.36971617339715,0,0
46,demand_plus_20pct,17892,55106,14374,31.485971383858708,28.0,53.0,257.0,10.897523305969111,8.0,22.0,7.811882565743704,5.0,18.0,8131,11.250399704833354,9.0,22.0,7.946501045381872,5.0,19.0,5288,8.880862329803328,7.0,17.300000000000182,7.602874432677761,5.0,18.0,0.7152199429880945,0.60097255603376,12796.0,83.89027821194124,0,0
47,baseline,17892,55088,14425,31.63816230717639,28.0,54.0,293.0,10.981629116117851,8.0,22.0,7.911403812824957,5.0,18.0,8056,11.360476663356504,9.0,22.0,7.972318768619663,5.0,19.0,5383,8.973806427642579,6.0,18.0,7.857142857142857,6.0,18.0,0.8317589849645073,0.5412777374098708,14881.0,72.13628116390028,0,0
47,t22_closed,17892,55083,14391,31.863793874357256,28.0,54.0,455.0,11.035369328052255,8.0,22.0,8.010492669029254,5.0,19.0,8082,11.504330611234844,9.0,22.0,8.245854986389508,6.0,19.0,5319,8.93213009964279,6.0,18.0,7.694303440496334,5.0,18.0,0.8317589849645073,0.5412777374098708,14881.0,72.13628116390028,0,0
47,demand_plus_20pct,17892,55059,14373,31.57209926224011,28.0,54.0,202.0,10.993738259236068,8.0,22.0,7.967647672719683,5.0,18.0,8048,11.359219681908549,9.0,22.0,7.970924453280318,5.0,19.0,5349,8.953636193681062,7.0,17.0,7.9383062254627035,5.0,18.0,0.7172880219104578,0.5986250069867531,12833.0,83.64840645211564,0,0
48,baseline,17892,55059,14336,31.68622848200313,28.0,54.0,228.0,10.888671875,8.0,22.0,7.84814453125,5.0,18.0,8007,11.295491444985638,9.0,22.0,7.99063319595354,5.0,19.0,5314,8.70380127963869,6.0,17.0,7.739932254422281,5.0,18.0,0.8285171315186407,0.53999217483651,14823.0,72.41853875733658,0,0
48,t22_closed,17892,55025,14372,31.581768388106415,28.0,54.0,406.0,10.743459504592263,8.0,21.0,8.008001669913721,5.0,19.0,8022,11.154200947394665,9.0,21.0,8.2447020693094,6.0,19.0,5337,8.623383923552558,6.0,17.0,7.697208169383549,5.0,18.0,0.8285171315186407,0.53999217483651,14823.0,72.41853875733658,0,0
48,demand_plus_20pct,17892,55024,14334,31.7583836351442,28.0,54.0,249.0,10.986116924794196,8.0,22.0,8.102413841216688,5.0,19.0,8002,11.348912771807049,9.0,22.0,8.206448387903023,6.0,19.0,5319,8.860500094002631,7.0,18.0,7.968979131415679,5.0,19.0,0.7147727907886647,0.5983455368621095,12788.0,83.94275883640914,0,0
49,baseline,17892,55010,14381,31.904817795662865,28.0,54.0,239.0,10.911549961755094,8.0,22.0,7.93310618176761,5.0,18.0,8027,11.369502927619285,9.0,22.0,8.051202192599975,5.0,19.0,5398,8.821044831419044,7.0,17.0,7.758799555390886,5.0,18.0,0.8295232239673579,0.5410541613101559,14841.0,72.33070547806751,0,0
49,t22_closed,17892,55032,14419,31.749441090990388,28.0,54.0,271.0,10.766766072543172,8.0,22.0,8.13988487412442,5.0,19.0,8033,11.10008714054525,9.0,22.0,8.106684924685672,5.0,19.0,5430,8.950828729281769,7.0,18.0,8.278268876611419,5.0,19.0,0.8295232239673579,0.5410541613101559,14841.0,72.33070547806751,0,0
49,demand_plus_20pct,17892,55010,14438,31.505421417393247,28.0,53.0,527.0,10.853927136722538,8.0,22.0,7.7760770189776975,5.0,18.0,8056,11.3970953326713,9.0,22.0,7.8592353525322745,5.0,18.0,5425,8.75520737327189,7.0,17.0,7.639078341013825,5.0,17.0,0.7157229892124531,0.5983455368621095,12805.0,83.8313158922296,0,0
50,baseline,17892,55104,14330,31.42901855577912,27.0,53.0,479.0,10.794905792044661,8.0,22.0,7.818143754361479,5.0,18.0,7994,11.175381536152114,9.0,22.0,8.024518388791593,5.0,18.0,5341,8.875678711851712,7.0,18.0,7.599325968919678,5.0,18.0,0.8281817673690682,0.5441283326812364,14817.0,72.44786394006884,0,0
50,t22_closed,17892,55100,14358,31.54733959311424,28.0,54.0,627.0,10.866485582950272,8.0,22.0,7.735826716812927,5.0,18.0,7996,11.308904452226113,9.0,22.0,7.91695847923962,5.0,18.0,5368,8.838487332339792,7.0,17.0,7.472988077496274,5.0,17.0,0.8281817673690682,0.5441283326812364,14817.0,72.44786394006884,0,0
50,demand_plus_20pct,17892,55104,14346,31.569416498993963,28.0,54.0,1002.0,10.90708211348111,8.0,22.0,7.829220688693712,5.0,18.0,7998,11.208427106776695,9.0,22.0,8.002000500125032,5.0,19.0,5349,9.026173116470368,7.0,18.0,7.62834174612077,5.0,18.0,0.714493320664021,0.6029288469062657,12783.0,83.9755925839005,0,0
51,baseline,17892,55014,14360,31.700312989045383,28.0,54.0,489.0,10.816782729805015,8.0,21.0,7.914345403899722,5.0,19.0,8066,11.290354574758245,9.0,22.0,8.086164145797174,5.0,19.0,5320,8.695112781954887,6.0,17.0,7.667293233082707,5.0,18.0,0.8342183220613716,0.5442960147560226,14925.0,71.92361809045227,0,0
51,t22_closed,17892,55076,14391,31.552816901408452,28.0,54.0,821.0,10.831839344034465,8.0,21.0,7.927176707664512,5.0,18.0,8079,11.274043817304122,9.0,22.0,8.083302388909518,5.0,19.0,5337,8.7997002061083,7.0,17.0,7.738242458309912,5.0,18.0,0.8342183220613716,0.5442960147560226,14925.0,71.92361809045227,0,0
51,demand_plus_20pct,17892,55080,14391,31.610775765705345,28.0,53.0,237.0,10.900771315405462,8.0,22.0,7.863664790494059,5.0,18.0,8056,11.391509433962264,9.0,22.0,7.9527060575968225,5.0,18.0,5352,8.671711509715994,6.0,17.0,7.733183856502242,5.0,18.0,0.7194678888826784,0.6022581186071209,12872.0,83.39496581727781,0,0
