seed,demand_multiplier,baseline_mean_turnaround_min,scenario_mean_turnaround_min,delta_mean_turnaround_min,baseline_median_turnaround_min,scenario_median_turnaround_min,delta_median_turnaround_min,baseline_p90_turnaround_min,scenario_p90_turnaround_min,delta_p90_turnaround_min,baseline_mean_rmg_service_min,scenario_mean_rmg_service_min,delta_mean_rmg_service_min,baseline_median_rmg_service_min,scenario_median_rmg_service_min,delta_median_rmg_service_min,baseline_p90_rmg_service_min,scenario_p90_rmg_service_min,delta_p90_rmg_service_min,baseline_mean_rmg_pre_service_min,scenario_mean_rmg_pre_service_min,delta_mean_rmg_pre_service_min,baseline_median_rmg_pre_service_min,scenario_median_rmg_pre_service_min,delta_median_rmg_pre_service_min,baseline_p90_rmg_pre_service_min,scenario_p90_rmg_pre_service_min,delta_p90_rmg_pre_service_min,baseline_rmg_events,scenario_rmg_events,delta_rmg_events,baseline_rmg_receive_events,scenario_rmg_receive_events,delta_rmg_receive_events,baseline_mean_rmg_receive_service_min,scenario_mean_rmg_receive_service_min,delta_mean_rmg_receive_service_min,baseline_median_rmg_receive_service_min,scenario_median_rmg_receive_service_min,delta_median_rmg_receive_service_min,baseline_p90_rmg_receive_service_min,scenario_p90_rmg_receive_service_min,delta_p90_rmg_receive_service_min,baseline_mean_rmg_receive_pre_service_min,scenario_mean_rmg_receive_pre_service_min,delta_mean_rmg_receive_pre_service_min,baseline_median_rmg_receive_pre_service_min,scenario_median_rmg_receive_pre_service_min,delta_median_rmg_receive_pre_service_min,baseline_p90_rmg_receive_pre_service_min,scenario_p90_rmg_receive_pre_service_min,delta_p90_rmg_receive_pre_service_min,baseline_rmg_delivery_events,scenario_rmg_delivery_events,delta_rmg_delivery_events,baseline_mean_rmg_delivery_service_min,scenario_mean_rmg_delivery_service_min,delta_mean_rmg_delivery_service_min,baseline_median_rmg_delivery_service_min,scenario_median_rmg_delivery_service_min,delta_median_rmg_delivery_service_min,baseline_p90_rmg_delivery_service_min,scenario_p90_rmg_delivery_service_min,delta_p90_rmg_delivery_service_min,baseline_mean_rmg_delivery_pre_service_min,scenario_mean_rmg_delivery_pre_service_min,delta_mean_rmg_delivery_pre_service_min,baseline_median_rmg_delivery_pre_service_min,scenario_median_rmg_delivery_pre_service_min,delta_median_rmg_delivery_pre_service_min,baseline_p90_rmg_delivery_pre_service_min,scenario_p90_rmg_delivery_pre_service_min,delta_p90_rmg_delivery_pre_service_min,baseline_mean_inter_arrival_min,scenario_mean_inter_arrival_min,delta_mean_inter_arrival_min,baseline_zero_inter_arrival_share,scenario_zero_inter_arrival_share,delta_zero_inter_arrival_share,baseline_arrival_rate_per_elapsed_hour,scenario_arrival_rate_per_elapsed_hour,delta_arrival_rate_per_elapsed_hour
42,1.2,31.48401520232506,31.729488039347196,0.24547283702213463,28.0,28.0,0.0,53.0,54.0,1.0,10.794909040603168,11.016790397557761,0.22188135695459366,8.0,8.0,0.0,21.0,22.0,1.0,7.943349242581449,7.98314022063415,0.03979097805270104,5.0,5.0,0.0,19.0,19.0,0.0,14457.0,14413.0,-44.0,8040.0,8063.0,23.0,11.275124378109453,11.368597296291703,0.09347291818225045,9.0,9.0,0.0,22.0,22.0,0.0,8.038059701492537,8.080863202282028,0.04280350078949091,5.0,5.0,0.0,19.0,19.0,0.0,5441.0,5376.0,-65.0,8.6934387061202,8.999813988095237,0.30637528197503805,6.0,7.0,1.0,17.0,18.0,1.0,7.8200698401029225,7.843377976190476,0.023308136087553777,5.0,5.0,0.0,18.0,19.0,1.0,0.8192946174053993,0.7070594153484993,-0.11223520205690007,0.5416131015594433,0.5991839472360405,0.057570845676597204,73.23372902169464,84.85849802371541,11.62476900202077
42,1.5,31.48401520232506,32.16823161189358,0.6842164095685206,28.0,28.0,0.0,53.0,55.0,2.0,10.794909040603168,10.925753576885679,0.13084453628251147,8.0,8.0,0.0,21.0,22.0,1.0,7.943349242581449,8.571468259480483,0.628119016899034,5.0,5.0,0.0,19.0,20.0,1.0,14457.0,14398.0,-59.0,8040.0,8024.0,-16.0,11.275124378109453,11.415752741774677,0.1406283636652237,9.0,9.0,0.0,22.0,22.0,0.0,8.038059701492537,8.475199401794615,0.4371397003020778,5.0,5.0,0.0,19.0,20.0,1.0,5441.0,5403.0,-38.0,8.6934387061202,8.764760318341661,0.07132161222146216,6.0,7.0,1.0,17.0,17.0,0.0,7.8200698401029225,8.742180270220247,0.9221104301173249,5.0,6.0,1.0,18.0,20.0,2.0,0.8192946174053993,0.5950477893913141,-0.22424682801408524,0.5416131015594433,0.6601084344083618,0.11849533284891844,73.23372902169464,100.8322374600789,27.598508438384258
42,2.0,31.48401520232506,37.1182092555332,5.634194053208141,28.0,30.0,2.0,53.0,67.0,14.0,10.794909040603168,10.912753078689208,0.11784403808604083,8.0,8.0,0.0,21.0,22.0,1.0,7.943349242581449,15.003339595074097,7.059990352492648,5.0,7.0,2.0,19.0,38.80000000000109,19.80000000000109,14457.0,14373.0,-84.0,8040.0,8038.0,-2.0,11.275124378109453,11.380691714356805,0.10556733624735237,9.0,9.0,0.0,22.0,22.0,0.0,8.038059701492537,12.747325205274944,4.709265503782406,5.0,6.0,1.0,19.0,30.0,11.0,5441.0,5365.0,-76.0,8.6934387061202,8.796085740913327,0.10264703479312765,6.0,6.0,0.0,17.0,17.0,0.0,7.8200698401029225,18.819571295433363,10.99950145533044,5.0,8.0,3.0,18.0,52.600000000000364,34.600000000000364,0.8192946174053993,0.3454809680845118,-0.47381364932088754,0.5416131015594433,0.7158347772623107,0.1742216757028674,73.23372902169464,173.67092703446045,100.4371980127658
42,2.4,31.48401520232506,37.07003129890454,5.586016096579478,28.0,30.0,2.0,53.0,67.0,14.0,10.794909040603168,10.842358017817372,0.047448977214203936,8.0,8.0,0.0,21.0,22.0,1.0,7.943349242581449,14.82043429844098,6.8770850558595304,5.0,7.0,2.0,19.0,38.0,19.0,14457.0,14368.0,-89.0,8040.0,8002.0,-38.0,11.275124378109453,11.247688077980506,-0.027436300128947266,9.0,9.0,0.0,22.0,22.0,0.0,8.038059701492537,12.514871282179454,4.476811580686917,5.0,6.0,1.0,19.0,29.0,10.0,5441.0,5397.0,-44.0,8.6934387061202,8.823420418751159,0.12998171263095948,6.0,7.0,1.0,17.0,18.0,1.0,7.8200698401029225,18.596813044283863,10.77674320418094,5.0,8.0,3.0,18.0,49.0,31.0,0.8192946174053993,0.2894192610809904,-0.529875356324409,0.5416131015594433,0.7536191381141356,0.2120060365546923,73.23372902169464,207.3117033603708,134.07797433867617
42,3.0,31.48401520232506,37.7092555331992,6.225240330874136,28.0,31.0,3.0,53.0,68.0,15.0,10.794909040603168,10.97629116117851,0.18138212057534275,8.0,8.0,0.0,21.0,22.0,1.0,7.943349242581449,15.730259965337956,7.786910722756507,5.0,7.0,2.0,19.0,41.0,22.0,14457.0,14425.0,-32.0,8040.0,8043.0,3.0,11.275124378109453,11.420987193833147,0.14586281572369408,9.0,9.0,0.0,22.0,22.0,0.0,8.038059701492537,13.738530399104812,5.700470697612275,5.0,7.0,2.0,19.0,33.0,14.0,5441.0,5409.0,-32.0,8.6934387061202,8.976335736735072,0.2828970306148726,6.0,7.0,1.0,17.0,18.0,1.0,7.8200698401029225,19.064522092808282,11.24445225270536,5.0,8.0,3.0,18.0,51.0,33.0,0.8192946174053993,0.2333575540774691,-0.5859370633279302,0.5416131015594433,0.7920742272651053,0.25046112570566204,73.23372902169464,257.1161676646707,183.88243864297604
43,1.2,31.56052984574111,31.609210820478427,0.04868097473731581,28.0,28.0,0.0,53.0,54.0,1.0,10.833438441594843,10.982087881332214,0.14864943973737077,8.0,8.0,0.0,21.0,22.0,1.0,7.89082755237895,7.97243212986286,0.08160457748391003,5.0,5.0,0.0,18.0,18.0,0.0,14271.0,14292.0,21.0,8006.0,8024.0,18.0,11.304896327754184,11.400299102691925,0.09540277493774063,9.0,9.0,0.0,22.0,22.0,0.0,8.059330502123407,8.05234297108674,-0.006987531036667605,5.0,5.0,0.0,19.0,19.0,0.0,5316.0,5306.0,-10.0,8.707863054928518,8.945910290237467,0.2380472353089491,6.0,7.0,1.0,17.0,18.0,1.0,7.629044394281415,7.832642291745194,0.2035978974637791,5.0,5.0,0.0,18.0,18.0,0.0,0.8389693141803142,0.7234922586775474,-0.11547705550276677,0.5384830361634342,0.5978424906377509,0.059359454474316675,71.51632245169887,82.93108776266996,11.414765310971092
43,1.5,31.56052984574111,31.662307176391682,0.10177733065057026,28.0,28.0,0.0,53.0,54.0,1.0,10.833438441594843,10.948239584794502,0.11480114319965828,8.0,8.0,0.0,21.0,22.0,1.0,7.89082755237895,7.951325571608922,0.060498019229971334,5.0,5.0,0.0,18.0,18.0,0.0,14271.0,14258.0,-13.0,8006.0,8020.0,14.0,11.304896327754184,11.373192019950125,0.06829569219594056,9.0,9.0,0.0,22.0,22.0,0.0,8.059330502123407,8.00062344139651,-0.05870706072689735,5.0,5.0,0.0,19.0,19.0,0.0,5316.0,5284.0,-32.0,8.707863054928518,8.802043906131718,0.09418085120320008,6.0,6.0,0.0,17.0,17.0,0.0,7.629044394281415,7.897236941710825,0.26819254742941023,5.0,5.0,0.0,18.0,18.0,0.0,0.8389693141803142,0.6081269912246381,-0.23084232295567608,0.5384830361634342,0.655413336314348,0.11693030015091377,71.51632245169887,98.66360294117646,27.147280489477595
43,2.0,31.56052984574111,35.1122848200313,3.551754974290187,28.0,29.0,1.0,53.0,61.0,8.0,10.833438441594843,10.792286732341228,-0.04115170925361511,8.0,8.0,0.0,21.0,21.0,0.0,7.89082755237895,12.423600922238524,4.532773369859574,5.0,6.0,1.0,18.0,28.0,10.0,14271.0,14313.0,42.0,8006.0,8012.0,6.0,11.304896327754184,11.14752870693959,-0.15736762081459332,9.0,9.0,0.0,22.0,21.0,-1.0,8.059330502123407,10.814153769345982,2.7548232672225748,5.0,6.0,1.0,19.0,24.0,5.0,5316.0,5328.0,12.0,8.707863054928518,8.838963963963964,0.13110090903544602,6.0,7.0,1.0,17.0,17.0,0.0,7.629044394281415,15.02346096096096,7.394416566679546,5.0,7.0,2.0,18.0,37.0,19.0,0.8389693141803142,0.3552624224470404,-0.48370689173327375,0.5384830361634342,0.7131518640657314,0.1746688279022972,71.51632245169887,168.88923851478918,97.37291606309032
43,2.4,31.56052984574111,37.43891124524927,5.878381399508161,28.0,30.0,2.0,53.0,67.0,14.0,10.833438441594843,10.969226465239894,0.13578802364505016,8.0,8.0,0.0,21.0,22.0,1.0,7.89082755237895,15.178906140718981,7.2880785883400305,5.0,7.0,2.0,18.0,38.0,20.0,14271.0,14298.0,27.0,8006.0,8018.0,12.0,11.304896327754184,11.4739336492891,0.16903732153491546,9.0,9.0,0.0,22.0,22.0,0.0,8.059330502123407,12.654028436018958,4.594697933895551,5.0,6.0,1.0,19.0,30.0,11.0,5316.0,5304.0,-12.0,8.707863054928518,8.7434012066365,0.035538151707982024,6.0,7.0,1.0,17.0,17.0,0.0,7.629044394281415,19.27526395173454,11.646219557453126,5.0,8.0,3.0,18.0,52.0,34.0,0.8389693141803142,0.29757978872058577,-0.5413895254597284,0.5384830361634342,0.7516069532167011,0.21312391705326694,71.51632245169887,201.6265965439519,130.11027409225304
43,3.0,31.56052984574111,37.456684551754975,5.8961547060138635,28.0,30.0,2.0,53.0,68.0,15.0,10.833438441594843,10.874921124588095,0.04148268299325153,8.0,8.0,0.0,21.0,22.0,1.0,7.89082755237895,15.283250368085255,7.392422815706305,5.0,7.0,2.0,18.0,39.0,21.0,14271.0,14263.0,-8.0,8006.0,8015.0,9.0,11.304896327754184,11.372177167810355,0.06728084005617063,9.0,9.0,0.0,22.0,22.0,0.0,8.059330502123407,12.950093574547722,4.890763072424315,5.0,6.0,1.0,19.0,30.0,11.0,5316.0,5277.0,-39.0,8.707863054928518,8.835891605078643,0.12802855015012504,6.0,6.0,0.0,17.0,17.0,0.0,7.629044394281415,19.190828122039036,11.561783727757621,5.0,8.0,3.0,18.0,53.0,35.0,0.8389693141803142,0.23989715499413114,-0.5990721591861831,0.5384830361634342,0.7910122407914594,0.2525292046280252,71.51632245169887,250.1071761416589,178.59085368996003
44,1.2,31.5041918175721,31.751620836127877,0.2474290185557777,28.0,28.0,0.0,54.0,54.0,0.0,10.78709722513455,10.926122848747726,0.1390256236131755,8.0,8.0,0.0,21.0,21.0,0.0,7.872230376738659,7.874842591297048,0.0026122145583888923,5.0,5.0,0.0,18.0,18.0,0.0,14307.0,14294.0,-13.0,8029.0,7978.0,-51.0,11.197907585004359,11.334921032840311,0.13701344783595282,9.0,9.0,0.0,22.0,22.0,0.0,8.034375389214098,7.955753321634495,-0.07862206757960344,5.0,5.0,0.0,18.0,18.0,0.0,5317.0,5358.0,41.0,8.74346435960128,8.907801418439716,0.16433705883843608,6.0,7.0,1.0,17.400000000000546,18.0,0.5999999999994543,7.615008463419222,7.8167226577081,0.20171419428887827,5.0,5.0,0.0,18.0,18.0,0.0,0.8147672013861719,0.7034263037281314,-0.11134089765804045,0.547593762226818,0.6041026214297691,0.05650885920295112,73.64066680386911,85.29678188319429,11.656115079325176
44,1.5,31.5041918175721,32.08243907891795,0.5782472613458509,28.0,28.0,0.0,54.0,55.0,1.0,10.78709722513455,10.842582897033159,0.05548567189860876,8.0,8.0,0.0,21.0,22.0,1.0,7.872230376738659,8.568586387434555,0.6963560106958964,5.0,5.0,0.0,18.0,19.0,1.0,14307.0,14325.0,18.0,8029.0,7992.0,-37.0,11.197907585004359,11.263013013013014,0.06510542800865515,9.0,9.0,0.0,22.0,22.0,0.0,8.034375389214098,8.23048048048048,0.1961050912663822,5.0,5.0,0.0,18.0,19.0,1.0,5317.0,5372.0,55.0,8.74346435960128,8.73938942665674,-0.004074932944540421,6.0,7.0,1.0,17.400000000000546,17.0,-0.4000000000005457,7.615008463419222,9.030342516753537,1.4153340533343153,5.0,5.0,0.0,18.0,20.0,2.0,0.8147672013861719,0.5920295120451624,-0.22273768934100946,0.547593762226818,0.660276116483148,0.11268235425633,73.64066680386911,101.34629909365559,27.70563228978648
44,2.0,31.5041918175721,36.48764811088755,4.983456293315449,28.0,30.0,2.0,54.0,65.0,11.0,10.78709722513455,10.828446054189595,0.041348829055044334,8.0,8.0,0.0,21.0,21.0,0.0,7.872230376738659,14.099951243295953,6.227720866557294,5.0,7.0,2.0,18.0,35.0,17.0,14307.0,14357.0,50.0,8029.0,7978.0,-51.0,11.197907585004359,11.27588368012033,0.07797609511597159,9.0,9.0,0.0,22.0,21.0,-1.0,8.034375389214098,12.075708197543245,4.041332808329146,5.0,6.0,1.0,18.0,27.0,9.0,5317.0,5416.0,99.0,8.74346435960128,8.767355982274742,0.02389162267346201,6.0,7.0,1.0,17.400000000000546,17.0,-0.4000000000005457,7.615008463419222,17.414327917282126,9.799319453862903,5.0,8.0,3.0,18.0,47.0,29.0,0.8147672013861719,0.3433011011122911,-0.47146610027388075,0.547593762226818,0.7195237829076072,0.17193002068078922,73.64066680386911,174.7736893520026,101.1330225481335
44,2.4,31.5041918175721,37.33523362396602,5.83104180639392,28.0,30.0,2.0,54.0,68.0,14.0,10.78709722513455,10.697651594812479,-0.08944563032207142,8.0,8.0,0.0,21.0,21.0,0.0,7.872230376738659,15.22124079915878,7.349010422420121,5.0,7.0,2.0,18.0,38.0,20.0,14307.0,14265.0,-42.0,8029.0,8002.0,-27.0,11.197907585004359,11.11397150712322,-0.08393607788113933,9.0,9.0,0.0,22.0,21.0,-1.0,8.034375389214098,12.902649337665583,4.868273948451485,5.0,6.0,1.0,18.0,30.0,12.0,5317.0,5297.0,-20.0,8.74346435960128,8.729091938833301,-0.014372420767978511,6.0,7.0,1.0,17.400000000000546,17.0,-0.4000000000005457,7.615008463419222,19.236360203888992,11.62135174046977,5.0,9.0,4.0,18.0,52.0,34.0,0.8147672013861719,0.2876306522832709,-0.527136549102901,0.547593762226818,0.7563020513107149,0.20870828908389694,73.64066680386911,208.60085503303537,134.96018822916625
44,3.0,31.5041918175721,38.12871674491393,6.624524927341831,28.0,31.0,3.0,54.0,69.0,15.0,10.78709722513455,11.036303861219922,0.24920663608537197,8.0,8.0,0.0,21.0,22.0,1.0,7.872230376738659,15.883673754896474,8.011443378157814,5.0,7.0,2.0,18.0,42.0,24.0,14307.0,14296.0,-11.0,8029.0,7992.0,-37.0,11.197907585004359,11.537412412412412,0.339504827408053,9.0,9.0,0.0,22.0,22.0,0.0,8.034375389214098,13.908408408408409,5.874033019194311,5.0,7.0,2.0,18.0,34.0,16.0,5317.0,5358.0,41.0,8.74346435960128,8.855729749906681,0.11226539030540117,6.0,7.0,1.0,17.400000000000546,18.0,0.5999999999994543,7.615008463419222,19.44550205300485,11.830493589585629,5.0,9.0,4.0,18.0,53.0,35.0,0.8147672013861719,0.23196020345425075,-0.5828069979319211,0.547593762226818,0.7934715778883238,0.2458778156615058,73.64066680386911,258.66506024096384,185.02439343709472
45,1.2,31.702380952380953,31.73345629331545,0.031075340934496154,28.0,28.0,0.0,54.0,54.0,0.0,10.900544388609715,10.969901762697694,0.06935737408797849,8.0,8.0,0.0,22.0,22.0,0.0,7.93962869905081,7.888385703337281,-0.05124299571352875,5.0,5.0,0.0,19.0,18.0,-1.0,14328.0,14353.0,25.0,8081.0,8085.0,4.0,11.26184878109145,11.408905380333952,0.14705659924250192,9.0,9.0,0.0,22.0,22.0,0.0,8.074495730726396,7.9713048855906,-0.10319084513579568,5.0,5.0,0.0,19.0,18.0,-1.0,5247.0,5279.0,32.0,8.78482942633886,8.656184883500663,-0.12864454283819704,6.0,6.0,0.0,18.0,17.0,-1.0,7.81093958452449,7.734608827429438,-0.07633075709505288,5.0,5.0,0.0,19.0,18.0,-1.0,0.8275669330948522,0.7141020624895199,-0.11346487060533228,0.5407746911855122,0.5989044771113968,0.05812978592588458,72.50168850466028,84.02160300563557,11.51991450097529
45,1.5,31.702380952380953,31.740778001341383,0.03839704896043017,28.0,28.0,0.0,54.0,54.0,0.0,10.900544388609715,10.917509239244126,0.016964850634410666,8.0,8.0,0.0,22.0,22.0,0.0,7.93962869905081,8.08772052158148,0.14809182253066933,5.0,5.0,0.0,19.0,19.0,0.0,14328.0,14341.0,13.0,8081.0,8068.0,-13.0,11.26184878109145,11.370228061477441,0.1083792803859911,9.0,9.0,0.0,22.0,22.300000000000182,0.3000000000001819,8.074495730726396,8.225086762518591,0.1505910317921959,5.0,5.0,0.0,19.0,19.0,0.0,5247.0,5287.0,40.0,8.78482942633886,8.933421600151314,0.14859217381245493,6.0,7.0,1.0,18.0,18.0,0.0,7.81093958452449,7.9205598638169095,0.10962027929241902,5.0,5.0,0.0,19.0,18.0,-1.0,0.8275669330948522,0.6003577217595439,-0.22720921133530825,0.5407746911855122,0.658152143535856,0.1173774523503438,72.50168850466028,99.94041523135648,27.438726726696203
45,2.0,31.702380952380953,33.83646322378717,2.1340822714062178,28.0,29.0,1.0,54.0,58.0,4.0,10.900544388609715,10.841373042505593,-0.059171346104122335,8.0,8.0,0.0,22.0,22.0,0.0,7.93962869905081,10.828719239373601,2.8890905403227913,5.0,6.0,1.0,19.0,24.0,5.0,14328.0,14304.0,-24.0,8081.0,8039.0,-42.0,11.26184878109145,11.195795496952357,-0.06605328413909284,9.0,9.0,0.0,22.0,22.0,0.0,8.074495730726396,9.908321930588382,1.8338261998619867,5.0,6.0,1.0,19.0,22.0,3.0,5247.0,5272.0,25.0,8.78482942633886,8.813732928679817,0.028903502340957843,6.0,6.0,0.0,18.0,18.0,0.0,7.81093958452449,12.224772382397573,4.4138327978730825,5.0,6.0,1.0,19.0,27.0,8.0,0.8275669330948522,0.34961712592923816,-0.477949807165614,0.5407746911855122,0.715331731037952,0.17455703985243975,72.50168850466028,171.61630695443645,99.11461844977617
45,2.4,31.702380952380953,37.43628437290409,5.733903420523138,28.0,31.0,3.0,54.0,67.0,13.0,10.900544388609715,10.923365524907942,0.022821136298226463,8.0,8.0,0.0,22.0,22.0,0.0,7.93962869905081,15.208365177516848,7.268736478466038,5.0,7.0,2.0,19.0,37.80000000000109,18.80000000000109,14328.0,14393.0,65.0,8081.0,8121.0,40.0,11.26184878109145,11.388622090875508,0.12677330978405799,9.0,9.0,0.0,22.0,22.0,0.0,8.074495730726396,12.469154045068342,4.394658314341946,5.0,6.0,1.0,19.0,29.0,10.0,5247.0,5269.0,22.0,8.78482942633886,8.727652305940406,-0.05717712039845324,6.0,6.0,0.0,18.0,17.0,-1.0,7.81093958452449,19.791990890111975,11.981051305587485,5.0,8.0,3.0,19.0,53.0,34.0,0.8275669330948522,0.292884690626572,-0.5346822424682802,0.5407746911855122,0.752892515790062,0.21211782460454975,72.50168850466028,204.8587786259542,132.3570901212939
45,3.0,31.702380952380953,37.26682316118936,5.564442208808405,28.0,30.0,2.0,54.0,67.0,13.0,10.900544388609715,10.79367848171923,-0.10686590689048536,8.0,8.0,0.0,22.0,21.0,-1.0,7.93962869905081,15.20094892548144,7.261320226430629,5.0,7.0,2.0,19.0,38.0,19.0,14328.0,14332.0,4.0,8081.0,8053.0,-28.0,11.26184878109145,11.063330435862412,-0.19851834522903822,9.0,9.0,0.0,22.0,21.0,-1.0,8.074495730726396,12.908605488637775,4.83410975791138,5.0,6.0,1.0,19.0,30.0,11.0,5247.0,5271.0,24.0,8.78482942633886,8.9159552267122,0.13112580037333998,6.0,6.0,0.0,18.0,17.0,-1.0,7.81093958452449,19.21191424777082,11.40097466324633,5.0,8.0,3.0,19.0,53.0,34.0,0.8275669330948522,0.23609636129897715,-0.591470571795875,0.5407746911855122,0.7905650885920296,0.24979039740651732,72.50168850466028,254.13352272727272,181.63183422261244
46,1.2,31.661468812877263,31.485971383858708,-0.1754974290185558,28.0,28.0,0.0,54.0,53.0,-1.0,10.811203897007655,10.897523305969111,0.08631940896145629,8.0,8.0,0.0,22.0,22.0,0.0,7.912178148921364,7.811882565743704,-0.10029558317765996,5.0,5.0,0.0,18.0,18.0,0.0,14370.0,14374.0,4.0,8089.0,8131.0,42.0,11.203115341822228,11.250399704833354,0.047284363011126374,9.0,9.0,0.0,22.0,22.0,0.0,8.043021387068858,7.946501045381872,-0.0965203416869862,5.0,5.0,0.0,19.0,19.0,0.0,5329.0,5288.0,-41.0,8.844623756802402,8.880862329803328,0.03623857300092581,7.0,7.0,0.0,17.0,17.300000000000182,0.3000000000001819,7.747607431037718,7.602874432677761,-0.1447329983599568,5.0,5.0,0.0,18.0,18.0,0.0,0.829076071767928,0.7152199429880945,-0.11385612877983342,0.5428427701078755,0.60097255603376,0.05812978592588447,72.36971617339715,83.89027821194124,11.520562038544085
46,1.5,31.661468812877263,31.965682986809746,0.3042141739324826,28.0,28.0,0.0,54.0,54.0,0.0,10.811203897007655,10.848364648573417,0.037160751565762595,8.0,8.0,0.0,22.0,22.0,0.0,7.912178148921364,8.35838552540014,0.4462073764787755,5.0,5.0,0.0,18.0,19.0,1.0,14370.0,14370.0,0.0,8089.0,8104.0,15.0,11.203115341822228,11.192374136229022,-0.010741205593205905,9.0,9.0,0.0,22.0,22.0,0.0,8.043021387068858,8.361303060217177,0.31828167314831823,5.0,5.0,0.0,19.0,19.699999999999818,0.6999999999998181,5329.0,5300.0,-29.0,8.844623756802402,8.824528301886792,-0.02009545491561049,7.0,7.0,0.0,17.0,17.0,0.0,7.747607431037718,8.430943396226414,0.6833359651886965,5.0,5.0,0.0,18.0,19.0,1.0,0.829076071767928,0.6013079201833325,-0.2277681515845955,0.5428427701078755,0.6577049913364261,0.11486222122855061,72.36971617339715,99.7824874511991,27.41277127780195
46,2.0,31.661468812877263,36.942879499217526,5.281410686340262,28.0,30.0,2.0,54.0,66.0,12.0,10.811203897007655,10.988853281315313,0.1776493843076583,8.0,8.0,0.0,22.0,22.0,0.0,7.912178148921364,14.49909432910687,6.586916180185505,5.0,7.0,2.0,18.0,37.0,19.0,14370.0,14354.0,-16.0,8089.0,8128.0,39.0,11.203115341822228,11.442298228346457,0.2391828865242296,9.0,9.0,0.0,22.0,22.0,0.0,8.043021387068858,12.066806102362206,4.023784715293347,5.0,6.0,1.0,19.0,28.0,9.0,5329.0,5284.0,-45.0,8.844623756802402,8.804882664647995,-0.03974109215440791,7.0,7.0,0.0,17.0,17.0,0.0,7.747607431037718,18.60673732021196,10.859129889174241,5.0,8.0,3.0,18.0,52.0,34.0,0.829076071767928,0.35039964227824044,-0.4786764294896875,0.5428427701078755,0.7170644458107428,0.17422167570286728,72.36971617339715,171.23305152336897,98.86333534997182
46,2.4,31.661468812877263,37.13028169014085,5.468812877263584,28.0,30.0,2.0,54.0,67.0,13.0,10.811203897007655,10.914418798665183,0.10321490165752856,8.0,8.0,0.0,22.0,22.0,0.0,7.912178148921364,14.916991101223582,7.004812952302218,5.0,7.0,2.0,18.0,38.0,20.0,14370.0,14384.0,14.0,8089.0,8095.0,6.0,11.203115341822228,11.355281037677578,0.15216569585535034,9.0,9.0,0.0,22.0,22.0,0.0,8.043021387068858,12.82557134033354,4.782549953264681,5.0,6.0,1.0,19.0,31.0,12.0,5329.0,5322.0,-7.0,8.844623756802402,8.741450582487786,-0.10317317431461603,7.0,6.0,-1.0,17.0,18.0,1.0,7.747607431037718,18.487222848553177,10.73961541751546,5.0,8.0,3.0,18.0,49.0,31.0,0.829076071767928,0.2934995249007881,-0.5355765468671398,0.5428427701078755,0.754178078363423,0.21133530825554747,72.36971617339715,204.42963245096172,132.05991627756458
46,3.0,31.661468812877263,37.74183992845965,6.080371115582384,28.0,31.0,3.0,54.0,68.0,14.0,10.811203897007655,10.83370442527136,0.022500528263705633,8.0,8.0,0.0,22.0,21.0,-1.0,7.912178148921364,15.596854995825217,7.684676846903852,5.0,7.0,2.0,18.0,40.0,22.0,14370.0,14372.0,2.0,8089.0,8095.0,6.0,11.203115341822228,11.186411365040149,-0.01670397678207891,9.0,9.0,0.0,22.0,22.0,0.0,8.043021387068858,13.468807906114886,5.425786519046028,5.0,7.0,2.0,19.0,32.0,13.0,5329.0,5323.0,-6.0,8.844623756802402,8.865489385684764,0.020865628882361875,7.0,7.0,0.0,17.0,17.0,0.0,7.747607431037718,19.17245913958294,11.424851708545223,5.0,8.0,3.0,18.0,52.0,34.0,0.829076071767928,0.2366553015482645,-0.5924207702196634,0.5428427701078755,0.7930244256888939,0.25018165558101835,72.36971617339715,253.53330184222958,181.1635856688324
47,1.2,31.63816230717639,31.57209926224011,-0.06606304493628201,28.0,28.0,0.0,54.0,54.0,0.0,10.981629116117851,10.993738259236068,0.012109143118216537,8.0,8.0,0.0,22.0,22.0,0.0,7.911403812824957,7.967647672719683,0.056243859894726356,5.0,5.0,0.0,18.0,18.0,0.0,14425.0,14373.0,-52.0,8056.0,8048.0,-8.0,11.360476663356504,11.359219681908549,-0.0012569814479554964,9.0,9.0,0.0,22.0,22.0,0.0,7.972318768619663,7.970924453280318,-0.0013943153393443097,5.0,5.0,0.0,19.0,19.0,0.0,5383.0,5349.0,-34.0,8.973806427642579,8.953636193681062,-0.02017023396151707,6.0,7.0,1.0,18.0,17.0,-1.0,7.857142857142857,7.9383062254627035,0.08116336831984672,6.0,5.0,-1.0,18.0,18.0,0.0,0.8317589849645073,0.7172880219104578,-0.11447096305404947,0.5412777374098708,0.5986250069867531,0.0573472695768823,72.13628116390028,83.64840645211564,11.512125288215358
47,1.5,31.63816230717639,32.86765034652358,1.229488039347192,28.0,28.0,0.0,54.0,56.0,2.0,10.981629116117851,10.928080527594584,-0.053548588523266716,8.0,8.0,0.0,22.0,22.0,0.0,7.911403812824957,9.51655675112808,1.6051529383031236,5.0,6.0,1.0,18.0,21.0,3.0,14425.0,14405.0,-20.0,8056.0,8054.0,-2.0,11.360476663356504,11.362056121182022,0.001579457825517494,9.0,9.0,0.0,22.0,22.0,0.0,7.972318768619663,9.024335733796871,1.0520169651772084,5.0,6.0,1.0,19.0,20.0,1.0,5383.0,5360.0,-23.0,8.973806427642579,8.805783582089552,-0.16802284555302727,6.0,7.0,1.0,18.0,17.0,-1.0,7.857142857142857,10.396268656716417,2.5391257995735605,6.0,6.0,0.0,18.0,23.0,5.0,0.8317589849645073,0.6033759991056956,-0.22838298585881167,0.5412777374098708,0.6580403554859986,0.11676261807612776,72.13628116390028,99.44048170449283,27.304200540592547
47,2.0,31.63816230717639,37.457970042477086,5.819807735300696,28.0,30.0,2.0,54.0,68.0,14.0,10.981629116117851,10.896149033782844,-0.08548008233500681,8.0,8.0,0.0,22.0,22.0,0.0,7.911403812824957,15.24836646739886,7.336962654573903,5.0,7.0,2.0,18.0,39.0,21.0,14425.0,14386.0,-39.0,8056.0,8041.0,-15.0,11.360476663356504,11.28304937196866,-0.07742729138784377,9.0,9.0,0.0,22.0,22.0,0.0,7.972318768619663,12.572938689217759,4.600619920598096,5.0,6.0,1.0,19.0,29.0,10.0,5383.0,5366.0,-17.0,8.973806427642579,8.910920611256056,-0.06288581638652246,6.0,7.0,1.0,18.0,18.0,0.0,7.857142857142857,19.613865076407006,11.756722219264148,6.0,9.0,3.0,18.0,55.0,37.0,0.8317589849645073,0.3517410988765301,-0.4800178860879772,0.5412777374098708,0.7152199429880945,0.1739422055782237,72.13628116390028,170.5800095344033,98.44372837050302
47,2.4,31.63816230717639,37.28185781354795,5.643695506371561,28.0,30.0,2.0,54.0,67.0,13.0,10.981629116117851,10.905888064359525,-0.07574105175832635,8.0,8.0,0.0,22.0,22.0,0.0,7.911403812824957,15.015049587350024,7.103645774525067,5.0,7.0,2.0,18.0,37.20000000000073,19.200000000000728,14425.0,14419.0,-6.0,8056.0,8062.0,6.0,11.360476663356504,11.454229719672538,0.09375305631603403,9.0,9.0,0.0,22.0,22.0,0.0,7.972318768619663,12.799801538079882,4.827482769460219,5.0,6.0,1.0,19.0,30.0,11.0,5383.0,5357.0,-26.0,8.973806427642579,8.641963785700952,-0.33184264194162694,6.0,6.0,0.0,18.0,17.0,-1.0,7.857142857142857,18.75490013067015,10.897757273527294,6.0,8.0,2.0,18.0,51.0,33.0,0.8317589849645073,0.2946174053993628,-0.5371415795651444,0.5412777374098708,0.7527248337152759,0.21144709630540504,72.13628116390028,203.65395560614684,131.51767444224657
47,3.0,31.63816230717639,38.13520008942544,6.497037782249048,28.0,31.0,3.0,54.0,70.0,16.0,10.981629116117851,10.958072590738423,-0.023556525379428095,8.0,8.0,0.0,22.0,22.0,0.0,7.911403812824957,15.92991239048811,8.018508577663152,5.0,7.0,2.0,18.0,42.0,24.0,14425.0,14382.0,-43.0,8056.0,8063.0,7.0,11.360476663356504,11.418826739427013,0.058350076070508905,9.0,9.0,0.0,22.0,22.0,0.0,7.972318768619663,13.672950514696764,5.700631746077101,5.0,7.0,2.0,19.0,33.0,14.0,5383.0,5344.0,-39.0,8.973806427642579,8.785179640718562,-0.1886267869240168,6.0,6.0,0.0,18.0,17.0,-1.0,7.857142857142857,19.64258982035928,11.785446963216422,6.0,9.0,3.0,18.0,53.0,35.0,0.8317589849645073,0.23754960594712426,-0.594209379017383,0.5412777374098708,0.7902856184673859,0.24900788105751503,72.13628116390028,252.57882352941178,180.44254236551149
48,1.2,31.68622848200313,31.7583836351442,0.07215515314106824,28.0,28.0,0.0,54.0,54.0,0.0,10.888671875,10.986116924794196,0.09744504979419588,8.0,8.0,0.0,22.0,22.0,0.0,7.84814453125,8.102413841216688,0.25426930996668773,5.0,5.0,0.0,18.0,19.0,1.0,14336.0,14334.0,-2.0,8007.0,8002.0,-5.0,11.295491444985638,11.348912771807049,0.053421326821410986,9.0,9.0,0.0,22.0,22.0,0.0,7.99063319595354,8.206448387903023,0.21581519194948307,5.0,6.0,1.0,19.0,19.0,0.0,5314.0,5319.0,5.0,8.70380127963869,8.860500094002631,0.15669881436394206,6.0,7.0,1.0,17.0,18.0,1.0,7.739932254422281,7.968979131415679,0.2290468769933982,5.0,5.0,0.0,18.0,19.0,1.0,0.8285171315186407,0.7147727907886647,-0.11374434072997597,0.53999217483651,0.5983455368621095,0.05835336202559949,72.41853875733658,83.94275883640914,11.524220079072563
48,1.5,31.68622848200313,33.964285714285715,2.2780572322825847,28.0,29.0,1.0,54.0,58.0,4.0,10.888671875,10.92278234229216,0.03411046729216061,8.0,8.0,0.0,22.0,22.0,0.0,7.84814453125,10.636053474446456,2.787908943196456,5.0,6.0,1.0,18.0,24.0,6.0,14336.0,14362.0,26.0,8007.0,8018.0,11.0,11.295491444985638,11.293838862559241,-0.0016525824263968758,9.0,9.0,0.0,22.0,22.0,0.0,7.99063319595354,9.537041656273384,1.546408460319844,5.0,6.0,1.0,19.0,21.0,2.0,5314.0,5332.0,18.0,8.70380127963869,8.779632408102026,0.07583112846333684,6.0,6.0,0.0,17.0,17.0,0.0,7.739932254422281,12.458927231807952,4.7189949773856705,5.0,6.0,1.0,18.0,28.0,10.0,0.8285171315186407,0.6010843440836174,-0.22743278743502326,0.53999217483651,0.6553574422894193,0.11536526745290931,72.41853875733658,99.81960200855495,27.401063251218375
48,2.0,31.68622848200313,35.50547730829421,3.81924882629108,28.0,30.0,2.0,54.0,62.0,8.0,10.888671875,10.929059709821429,0.040387834821428825,8.0,8.0,0.0,22.0,22.0,0.0,7.84814453125,12.687569754464286,4.8394252232142865,5.0,6.0,1.0,18.0,30.0,12.0,14336.0,14336.0,0.0,8007.0,8022.0,15.0,11.295491444985638,11.325355272999252,0.02986382801361387,9.0,9.0,0.0,22.0,22.0,0.0,7.99063319595354,11.040139616055846,3.049506420102306,5.0,6.0,1.0,19.0,24.0,5.0,5314.0,5299.0,-15.0,8.70380127963869,8.901490847329685,0.1976895676909951,6.0,6.0,0.0,17.0,18.0,1.0,7.739932254422281,15.65333081713531,7.913398562713028,5.0,7.0,2.0,18.0,41.19999999999982,23.199999999999818,0.8285171315186407,0.350064278128668,-0.4784528533899727,0.53999217483651,0.714493320664021,0.17450114582751108,72.41853875733658,171.39709404438767,98.9785552870511
48,2.4,31.68622848200313,37.68008048289738,5.99385200089425,28.0,31.0,3.0,54.0,68.0,14.0,10.888671875,10.787311347121296,-0.10136052787870398,8.0,8.0,0.0,22.0,22.0,0.0,7.84814453125,15.685648406931247,7.8375038756812465,5.0,7.0,2.0,18.0,41.0,23.0,14336.0,14312.0,-24.0,8007.0,8002.0,-5.0,11.295491444985638,11.174331417145714,-0.12116002783992386,9.0,9.0,0.0,22.0,22.0,0.0,7.99063319595354,13.37453136715821,5.38389817120467,5.0,7.0,2.0,19.0,32.0,13.0,5314.0,5306.0,-8.0,8.70380127963869,8.651149641914813,-0.05265163772387638,6.0,7.0,1.0,17.0,17.0,0.0,7.739932254422281,19.49133056916698,11.751398314744698,5.0,8.0,3.0,18.0,53.0,35.0,0.8285171315186407,0.29327594880107316,-0.5352411827175676,0.53999217483651,0.752277681515846,0.212285506679336,72.41853875733658,204.5854774156661,132.1669386583295
48,3.0,31.68622848200313,38.06868991728147,6.382461435278337,28.0,31.0,3.0,54.0,70.0,16.0,10.888671875,10.84325756519314,-0.04541430980686023,8.0,8.0,0.0,22.0,22.0,0.0,7.84814453125,15.84562822479431,7.997483693544311,5.0,7.0,2.0,18.0,41.0,23.0,14336.0,14342.0,6.0,8007.0,7978.0,-29.0,11.295491444985638,11.16470293306593,-0.13078851191970742,9.0,9.0,0.0,22.0,22.0,0.0,7.99063319595354,13.68237653547255,5.691743339519009,5.0,6.0,1.0,19.0,34.0,15.0,5314.0,5362.0,48.0,8.70380127963869,8.776016411786646,0.0722151321479565,6.0,7.0,1.0,17.0,17.0,0.0,7.739932254422281,19.671018276762403,11.931086022340121,5.0,9.0,4.0,18.0,54.0,36.0,0.8285171315186407,0.23643172544854954,-0.5920854060700912,0.53999217483651,0.789838466267956,0.249846291431446,72.41853875733658,253.77304964539007,181.35451088805348
49,1.2,31.904817795662865,31.505421417393247,-0.3993963782696177,28.0,28.0,0.0,54.0,53.0,-1.0,10.911549961755094,10.853927136722538,-0.057622825032556335,8.0,8.0,0.0,22.0,22.0,0.0,7.93310618176761,7.7760770189776975,-0.15702916278991275,5.0,5.0,0.0,18.0,18.0,0.0,14381.0,14438.0,57.0,8027.0,8056.0,29.0,11.369502927619285,11.3970953326713,0.027592405052015323,9.0,9.0,0.0,22.0,22.0,0.0,8.051202192599975,7.8592353525322745,-0.1919668400677006,5.0,5.0,0.0,19.0,18.0,-1.0,5398.0,5425.0,27.0,8.821044831419044,8.75520737327189,-0.06583745814715414,7.0,7.0,0.0,17.0,17.0,0.0,7.758799555390886,7.639078341013825,-0.11972121437706118,5.0,5.0,0.0,18.0,17.0,-1.0,0.8295232239673579,0.7157229892124531,-0.11380023475490475,0.5410541613101559,0.5983455368621095,0.057291375551953516,72.33070547806751,83.8313158922296,11.500610414162082
49,1.5,31.904817795662865,31.91644310306282,0.011625307399956597,28.0,28.0,0.0,54.0,54.0,0.0,10.911549961755094,10.859828702736579,-0.05172125901851565,8.0,8.0,0.0,22.0,22.0,0.0,7.93310618176761,8.15033772021447,0.2172315384468595,5.0,5.0,0.0,18.0,19.0,1.0,14381.0,14361.0,-20.0,8027.0,8006.0,-21.0,11.369502927619285,11.306270297277042,-0.06323263034224347,9.0,9.0,0.0,22.0,22.0,0.0,8.051202192599975,8.208343742193355,0.1571415495933799,5.0,5.0,0.0,19.0,19.0,0.0,5398.0,5387.0,-11.0,8.821044831419044,8.74772600705402,-0.07331882436502468,7.0,7.0,0.0,17.0,17.0,0.0,7.758799555390886,8.059031000556896,0.30023144516600997,5.0,5.0,0.0,18.0,18.0,0.0,0.8295232239673579,0.601810966407691,-0.22771225755966684,0.5410541613101559,0.6580962495109273,0.11704208820077133,72.33070547806751,99.69908052382279,27.368375045755272
49,2.0,31.904817795662865,36.37335121842164,4.4685334227587745,28.0,30.0,2.0,54.0,65.0,11.0,10.911549961755094,10.738421895675186,-0.17312806607990794,8.0,8.0,0.0,22.0,22.0,0.0,7.93310618176761,13.923323351208301,5.990217169440691,5.0,7.0,2.0,18.0,34.0,16.0,14381.0,14359.0,-22.0,8027.0,8040.0,13.0,11.369502927619285,11.190671641791045,-0.17883128582823993,9.0,9.0,0.0,22.0,22.0,0.0,8.051202192599975,11.75497512437811,3.7037729317781345,5.0,6.0,1.0,19.0,27.0,8.0,5398.0,5366.0,-32.0,8.821044831419044,8.65206857994782,-0.16897625147122497,7.0,6.0,-1.0,17.0,17.0,0.0,7.758799555390886,17.377376071561685,9.618576516170798,5.0,8.0,3.0,18.0,46.0,28.0,0.8295232239673579,0.3506232183779554,-0.4789000055894025,0.5410541613101559,0.7151081549382371,0.17405399362808116,72.33070547806751,171.12386417981827,98.79315870175076
49,2.4,31.904817795662865,37.46758327744243,5.562765481779564,28.0,31.0,3.0,54.0,68.0,14.0,10.911549961755094,10.804476993229239,-0.10707296852585557,8.0,8.0,0.0,22.0,22.0,0.0,7.93310618176761,15.026737598452398,7.093631416684787,5.0,7.0,2.0,18.0,38.0,20.0,14381.0,14474.0,93.0,8027.0,8064.0,37.0,11.369502927619285,11.292410714285714,-0.07709221333357164,9.0,9.0,0.0,22.0,22.0,0.0,8.051202192599975,12.42795138888889,4.376749196288914,5.0,6.0,1.0,19.0,29.0,10.0,5398.0,5451.0,53.0,8.821044831419044,8.742799486332784,-0.0782453450862608,7.0,7.0,0.0,17.0,18.0,1.0,7.758799555390886,19.034855989726655,11.276056434335768,5.0,8.0,3.0,18.0,53.0,35.0,0.8295232239673579,0.2936672069755743,-0.5358560169917836,0.5410541613101559,0.7516069532167011,0.2105527919065452,72.33070547806751,204.31290445374952,131.98219897568202
49,3.0,31.904817795662865,37.79370668455176,5.888888888888893,28.0,31.0,3.0,54.0,68.0,14.0,10.911549961755094,10.965315095261358,0.05376513350626411,8.0,8.0,0.0,22.0,22.0,0.0,7.93310618176761,15.69251168958057,7.75940550781296,5.0,7.0,2.0,18.0,40.0,22.0,14381.0,14329.0,-52.0,8027.0,8027.0,0.0,11.369502927619285,11.584527220630372,0.21502429301108705,9.0,9.0,0.0,22.0,23.0,1.0,8.051202192599975,13.650678958515012,5.599476765915037,5.0,7.0,2.0,19.0,33.0,14.0,5398.0,5336.0,-62.0,8.821044831419044,8.749250374812593,-0.07179445660645101,7.0,7.0,0.0,17.0,17.0,0.0,7.758799555390886,18.877061469265367,11.11826191387448,5.0,9.0,4.0,18.0,51.0,33.0,0.8295232239673579,0.23676708959812195,-0.5927561343692359,0.5410541613101559,0.790453300542172,0.24939913923201606,72.33070547806751,253.41359773371104,181.08289225564351
50,1.2,31.42901855577912,31.569416498993963,0.14039794321484322,27.0,28.0,1.0,53.0,54.0,1.0,10.794905792044661,10.90708211348111,0.11217632143644884,8.0,8.0,0.0,22.0,22.0,0.0,7.818143754361479,7.829220688693712,0.011076934332233002,5.0,5.0,0.0,18.0,18.0,0.0,14330.0,14346.0,16.0,7994.0,7998.0,4.0,11.175381536152114,11.208427106776695,0.03304557062458002,9.0,9.0,0.0,22.0,22.0,0.0,8.024518388791593,8.002000500125032,-0.022517888666561348,5.0,5.0,0.0,18.0,19.0,1.0,5341.0,5349.0,8.0,8.875678711851712,9.026173116470368,0.15049440461865515,7.0,7.0,0.0,18.0,18.0,0.0,7.599325968919678,7.62834174612077,0.029015777201092163,5.0,5.0,0.0,18.0,18.0,0.0,0.8281817673690682,0.714493320664021,-0.11368844670504719,0.5441283326812364,0.6029288469062657,0.0588005142250293,72.44786394006884,83.9755925839005,11.52772864383165
50,1.5,31.42901855577912,31.668399284596468,0.2393807288173484,27.0,28.0,1.0,53.0,54.0,1.0,10.794905792044661,10.963035290835542,0.16812949879088102,8.0,8.0,0.0,22.0,22.0,0.0,7.818143754361479,7.9264193053424465,0.10827555098096742,5.0,5.0,0.0,18.0,18.0,0.0,14330.0,14338.0,8.0,7994.0,8010.0,16.0,11.175381536152114,11.435081148564295,0.25969961241218087,9.0,9.0,0.0,22.0,22.0,0.0,8.024518388791593,8.073033707865168,0.04851531907357476,5.0,5.0,0.0,18.0,19.0,1.0,5341.0,5330.0,-11.0,8.875678711851712,8.78611632270169,-0.08956238915002324,7.0,7.0,0.0,18.0,17.100000000000364,-0.8999999999996362,7.599325968919678,7.7703564727954975,0.1710305038758193,5.0,5.0,0.0,18.0,18.0,0.0,0.8281817673690682,0.60097255603376,-0.22720921133530825,0.5441283326812364,0.6588787658599295,0.11475043317869316,72.44786394006884,99.83816964285714,27.390305702788297
50,2.0,31.42901855577912,37.06673373574782,5.637715179968698,27.0,30.0,3.0,53.0,66.0,13.0,10.794905792044661,10.9639602031587,0.16905441111403974,8.0,8.0,0.0,22.0,22.0,0.0,7.818143754361479,14.634662213873234,6.816518459511755,5.0,7.0,2.0,18.0,37.0,19.0,14330.0,14373.0,43.0,7994.0,8009.0,15.0,11.175381536152114,11.52053939318267,0.34515785703055535,9.0,9.0,0.0,22.0,23.0,1.0,8.024518388791593,12.419777750031216,4.3952593612396225,5.0,6.0,1.0,18.0,29.0,11.0,5341.0,5375.0,34.0,8.875678711851712,8.749767441860465,-0.12591126999124747,7.0,7.0,0.0,18.0,17.0,-1.0,7.599325968919678,18.306418604651164,10.707092635731485,5.0,8.0,3.0,18.0,50.0,32.0,0.8281817673690682,0.3499524900788106,-0.47822927729025766,0.5441283326812364,0.7171203398356716,0.1729920071544352,72.44786394006884,171.4518447532343,99.00398081316546
50,2.4,31.42901855577912,37.68131008271853,6.252291526939413,27.0,31.0,4.0,53.0,68.0,15.0,10.794905792044661,11.04272847867067,0.2478226866260087,8.0,8.0,0.0,22.0,22.0,0.0,7.818143754361479,15.355651748935278,7.537507994573799,5.0,7.0,2.0,18.0,40.0,22.0,14330.0,14323.0,-7.0,7994.0,7987.0,-7.0,11.175381536152114,11.448353574558658,0.27297203840654305,9.0,9.0,0.0,22.0,22.0,0.0,8.024518388791593,12.804056591961938,4.779538203170345,5.0,6.0,1.0,18.0,30.0,12.0,5341.0,5334.0,-7.0,8.875678711851712,8.973940757405325,0.09826204555361251,7.0,7.0,0.0,18.0,18.0,0.0,7.599325968919678,19.412448443944506,11.813122475024826,5.0,8.0,3.0,18.0,53.0,35.0,0.8281817673690682,0.2931641607512157,-0.5350176066178525,0.5441283326812364,0.7533955620144207,0.2092672293331843,72.44786394006884,204.66348903717827,132.2156250971094
50,3.0,31.42901855577912,38.09412027721887,6.6651017214397505,27.0,31.0,4.0,53.0,69.0,16.0,10.794905792044661,10.793192080583536,-0.0017137114611252002,8.0,8.0,0.0,22.0,22.0,0.0,7.818143754361479,16.040222299409518,8.222078545048038,5.0,7.0,2.0,18.0,42.0,24.0,14330.0,14395.0,65.0,7994.0,8018.0,24.0,11.175381536152114,11.320778248939884,0.14539671278777,9.0,9.0,0.0,22.0,22.0,0.0,8.024518388791593,13.755550012471938,5.7310316236803445,5.0,7.0,2.0,18.0,33.0,15.0,5341.0,5377.0,36.0,8.875678711851712,8.609819602008555,-0.2658591098431575,7.0,6.0,-1.0,18.0,17.0,-1.0,7.599325968919678,19.871117723637717,12.271791754718038,5.0,9.0,4.0,18.0,55.0,37.0,0.8281817673690682,0.2363758314236208,-0.5918059359454474,0.5441283326812364,0.7913476049410318,0.24721927225979545,72.44786394006884,253.83305746039252,181.3851935203237
51,1.2,31.700312989045383,31.610775765705345,-0.089537223340038,28.0,28.0,0.0,54.0,53.0,-1.0,10.816782729805015,10.900771315405462,0.08398858560044786,8.0,8.0,0.0,21.0,22.0,1.0,7.914345403899722,7.863664790494059,-0.05068061340566299,5.0,5.0,0.0,19.0,18.0,-1.0,14360.0,14391.0,31.0,8066.0,8056.0,-10.0,11.290354574758245,11.391509433962264,0.10115485920401923,9.0,9.0,0.0,22.0,22.0,0.0,8.086164145797174,7.9527060575968225,-0.1334580882003511,5.0,5.0,0.0,19.0,18.0,-1.0,5320.0,5352.0,32.0,8.695112781954887,8.671711509715994,-0.023401272238892545,6.0,6.0,0.0,17.0,17.0,0.0,7.667293233082707,7.733183856502242,0.06589062341953511,5.0,5.0,0.0,18.0,18.0,0.0,0.8342183220613716,0.7194678888826784,-0.11475043317869316,0.5442960147560226,0.6022581186071209,0.057962103851098234,71.92361809045227,83.39496581727781,11.471347726825542
51,1.5,31.700312989045383,31.998155600268277,0.2978426112228938,28.0,28.0,0.0,54.0,54.0,0.0,10.816782729805015,10.976954328943682,0.16017159913866763,8.0,8.0,0.0,21.0,22.0,1.0,7.914345403899722,8.159288316054917,0.2449429121551958,5.0,5.0,0.0,19.0,19.0,0.0,14360.0,14276.0,-84.0,8066.0,8058.0,-8.0,11.290354574758245,11.441796971953337,0.15144239719509223,9.0,9.0,0.0,22.0,22.0,0.0,8.086164145797174,8.24559444030777,0.15943029451059587,5.0,5.0,0.0,19.0,19.0,0.0,5320.0,5246.0,-74.0,8.695112781954887,8.79241326725124,0.09730048529635305,6.0,7.0,1.0,17.0,17.0,0.0,7.667293233082707,8.185855890202058,0.5185626571193511,5.0,5.0,0.0,18.0,19.0,1.0,0.8342183220613716,0.6049410318037002,-0.2292772902576714,0.5442960147560226,0.6594377061092169,0.1151416913531943,71.92361809045227,99.18322091841449,27.259602827962226
51,2.0,31.700312989045383,36.813939190699756,5.113626201654373,28.0,30.0,2.0,54.0,66.0,12.0,10.816782729805015,10.901507258456624,0.08472452865160918,8.0,8.0,0.0,21.0,22.0,1.0,7.914345403899722,14.413488921303049,6.499143517403327,5.0,7.0,2.0,19.0,36.0,17.0,14360.0,14397.0,37.0,8066.0,8070.0,4.0,11.290354574758245,11.37918215613383,0.08882758137558433,9.0,9.0,0.0,22.0,22.0,0.0,8.086164145797174,12.347459727385377,4.261295581588204,5.0,6.0,1.0,19.0,28.0,9.0,5320.0,5342.0,22.0,8.695112781954887,8.63777611381505,-0.05733666813983618,6.0,6.0,0.0,17.0,17.0,0.0,7.667293233082707,17.647135904155746,9.97984267107304,5.0,8.0,3.0,18.0,46.0,28.0,0.8342183220613716,0.35297076742496225,-0.48124755463640934,0.5442960147560226,0.7150522609133083,0.17075624615728568,71.92361809045227,169.9857482185273,98.06213012807504
51,2.4,31.700312989045383,36.89123630672926,5.190923317683879,28.0,30.0,2.0,54.0,66.0,12.0,10.816782729805015,10.87926582455161,0.06248309474659486,8.0,8.0,0.0,21.0,22.0,1.0,7.914345403899722,14.629702002931118,6.715356599031397,5.0,7.0,2.0,19.0,37.0,18.0,14360.0,14329.0,-31.0,8066.0,8063.0,-3.0,11.290354574758245,11.279176485179214,-0.011178089579031436,9.0,9.0,0.0,22.0,22.0,0.0,8.086164145797174,12.504898920997148,4.418734775199974,5.0,6.0,1.0,19.0,30.0,11.0,5320.0,5291.0,-29.0,8.695112781954887,8.718956718956719,0.02384393700183196,6.0,6.0,0.0,17.0,17.0,0.0,7.667293233082707,18.161217161217163,10.493923928134457,5.0,8.0,3.0,18.0,47.0,29.0,0.8342183220613716,0.2956793918730088,-0.5385389301883627,0.5442960147560226,0.7540103962886368,0.20971438153261412,71.92361809045227,202.9224952741021,130.99887718364982
51,3.0,31.700312989045383,37.4738430583501,5.773530069304716,28.0,30.0,2.0,54.0,68.0,14.0,10.816782729805015,10.842498255408234,0.025715525603219547,8.0,8.0,0.0,21.0,22.0,1.0,7.914345403899722,15.446615491974878,7.5322700880751565,5.0,7.0,2.0,19.0,40.0,21.0,14360.0,14330.0,-30.0,8066.0,8082.0,16.0,11.290354574758245,11.269116555308091,-0.0212380194501538,9.0,9.0,0.0,22.0,22.0,0.0,8.086164145797174,13.388393961890621,5.302229816093448,5.0,6.0,1.0,19.0,33.0,14.0,5320.0,5269.0,-51.0,8.695112781954887,8.650408047067755,-0.04470473488713189,6.0,6.0,0.0,17.0,17.0,0.0,7.667293233082707,18.771303852723477,11.104010619640771,5.0,8.0,3.0,18.0,51.19999999999982,33.19999999999982,0.8342183220613716,0.23838801632105527,-0.5958303057403163,0.5442960147560226,0.7911799228662456,0.24688390811022298,71.92361809045227,251.6905041031653,179.76688601271303
