scenario,metric,contrast,n_paired_seeds,difference_in_differences,sd_difference,ci95_lo,ci95_hi,interval_excludes_zero
demand_plus_20pct,arrival_rate_per_elapsed_hour,rules_workload_response_minus_rules_only_response,10,0.0,0.0,0.0,0.0,False
demand_plus_20pct,mean_inter_arrival_min,rules_workload_response_minus_rules_only_response,10,0.0,0.0,0.0,0.0,False
demand_plus_20pct,mean_rmg_delivery_pre_service_min,rules_workload_response_minus_rules_only_response,10,0.18353858616860927,0.27669233876897625,-0.01439518919895258,0.38147236153617115,False
demand_plus_20pct,mean_rmg_delivery_service_min,rules_workload_response_minus_rules_only_response,10,-0.01395017868554686,0.19346782179094302,-0.15234872108679978,0.12444836371570607,False
demand_plus_20pct,mean_rmg_pre_service_min,rules_workload_response_minus_rules_only_response,10,0.07434610063706178,0.17339195515143505,-0.04969103192027305,0.1983832331943966,False
demand_plus_20pct,mean_rmg_receive_pre_service_min,rules_workload_response_minus_rules_only_response,10,0.02672218699894306,0.1930605131600417,-0.11138498436033316,0.16482935835821927,False
demand_plus_20pct,mean_rmg_receive_service_min,rules_workload_response_minus_rules_only_response,10,0.025294431355289693,0.14837437258469402,-0.08084620074223563,0.13143506345281503,False
demand_plus_20pct,mean_rmg_service_min,rules_workload_response_minus_rules_only_response,10,0.03887298514876267,0.18675986056436425,-0.0947269708640737,0.17247294116159903,False
demand_plus_20pct,mean_turnaround_min,rules_workload_response_minus_rules_only_response,10,0.15878046054102482,0.305630307236449,-0.05985429041450499,0.37741521149655466,False
demand_plus_20pct,median_rmg_delivery_pre_service_min,rules_workload_response_minus_rules_only_response,10,0.0,0.6666666666666666,-0.4769046039804431,0.4769046039804431,False
demand_plus_20pct,median_rmg_delivery_service_min,rules_workload_response_minus_rules_only_response,10,0.55,0.5986094998689324,0.12178056028911355,0.9782194397108865,True
demand_plus_20pct,median_rmg_pre_service_min,rules_workload_response_minus_rules_only_response,10,0.2,0.6324555320336759,-0.25243143255964096,0.652431432559641,False
demand_plus_20pct,median_rmg_receive_pre_service_min,rules_workload_response_minus_rules_only_response,10,0.2,0.6324555320336759,-0.25243143255964096,0.652431432559641,False
demand_plus_20pct,median_rmg_receive_service_min,rules_workload_response_minus_rules_only_response,10,0.0,0.0,0.0,0.0,False
demand_plus_20pct,median_rmg_service_min,rules_workload_response_minus_rules_only_response,10,0.0,0.0,0.0,0.0,False
demand_plus_20pct,median_turnaround_min,rules_workload_response_minus_rules_only_response,10,0.0,0.0,0.0,0.0,False
demand_plus_20pct,p90_rmg_delivery_pre_service_min,rules_workload_response_minus_rules_only_response,10,0.10999999999994543,1.0999494937900058,-0.6768564666016719,0.8968564666015628,False
demand_plus_20pct,p90_rmg_delivery_service_min,rules_workload_response_minus_rules_only_response,10,0.13000000000001818,0.8641630504585376,-0.48818500603017256,0.748185006030209,False
demand_plus_20pct,p90_rmg_pre_service_min,rules_workload_response_minus_rules_only_response,10,0.2,0.42163702135578396,-0.10162095503976065,0.5016209550397607,False
demand_plus_20pct,p90_rmg_receive_pre_service_min,rules_workload_response_minus_rules_only_response,10,-0.1,0.5676462121975466,-0.5060696380436043,0.3060696380436043,False
demand_plus_20pct,p90_rmg_receive_service_min,rules_workload_response_minus_rules_only_response,10,0.1,0.5676462121975467,-0.3060696380436043,0.5060696380436044,False
demand_plus_20pct,p90_rmg_service_min,rules_workload_response_minus_rules_only_response,10,0.5100000000000364,0.5173651192983864,0.13989928900159893,0.880100710998474,True
demand_plus_20pct,p90_turnaround_min,rules_workload_response_minus_rules_only_response,10,0.0,0.9428090415820634,-0.6744449589073126,0.6744449589073126,False
demand_plus_20pct,rmg_delivery_events,rules_workload_response_minus_rules_only_response,10,-13.4,32.2428286600292,-36.46513014998076,9.66513014998076,False
demand_plus_20pct,rmg_events,rules_workload_response_minus_rules_only_response,10,-11.1,36.158447606794915,-36.9661952046992,14.766195204699196,False
demand_plus_20pct,rmg_receive_events,rules_workload_response_minus_rules_only_response,10,-1.0,33.8066397160216,-25.1838131885182,23.1838131885182,False
demand_plus_20pct,zero_inter_arrival_share,rules_workload_response_minus_rules_only_response,10,0.0,0.0,0.0,0.0,False
t22_closed,arrival_rate_per_elapsed_hour,rules_workload_response_minus_rules_only_response,10,0.0,0.0,0.0,0.0,False
t22_closed,mean_inter_arrival_min,rules_workload_response_minus_rules_only_response,10,0.0,0.0,0.0,0.0,False
t22_closed,mean_rmg_delivery_pre_service_min,rules_workload_response_minus_rules_only_response,10,-0.05233121696343475,0.2173102593459403,-0.20778561172482934,0.10312317779795983,False
t22_closed,mean_rmg_delivery_service_min,rules_workload_response_minus_rules_only_response,10,0.0298359066712784,0.25681475095063805,-0.15387829897639688,0.21355011231895366,False
t22_closed,mean_rmg_pre_service_min,rules_workload_response_minus_rules_only_response,10,-0.053315535701432756,0.13655895457885062,-0.15100392693154785,0.04437285552868234,False
t22_closed,mean_rmg_receive_pre_service_min,rules_workload_response_minus_rules_only_response,10,-0.04172653845504097,0.1535105643568559,-0.151541380807172,0.06808830389709006,False
t22_closed,mean_rmg_receive_service_min,rules_workload_response_minus_rules_only_response,10,-0.1073008265280764,0.19247223788072307,-0.2449871711036802,0.0303855180475274,False
t22_closed,mean_rmg_service_min,rules_workload_response_minus_rules_only_response,10,-0.028692750139860824,0.16208566963592658,-0.14464185327280057,0.08725635299307892,False
t22_closed,mean_turnaround_min,rules_workload_response_minus_rules_only_response,10,0.06651576123407246,0.21492970041166176,-0.08723568425361578,0.2202672067217607,False
t22_closed,median_rmg_delivery_pre_service_min,rules_workload_response_minus_rules_only_response,10,-0.3,0.8232726023485646,-0.8889337415864864,0.2889337415864865,False
t22_closed,median_rmg_delivery_service_min,rules_workload_response_minus_rules_only_response,10,1.05,0.6851601597031489,0.5598659480603889,1.5401340519396112,True
t22_closed,median_rmg_pre_service_min,rules_workload_response_minus_rules_only_response,10,-0.35,0.6687467549246293,-0.8283926094808052,0.12839260948080522,False
t22_closed,median_rmg_receive_pre_service_min,rules_workload_response_minus_rules_only_response,10,-0.1,0.8755950357709131,-0.7263629556723539,0.5263629556723539,False
t22_closed,median_rmg_receive_service_min,rules_workload_response_minus_rules_only_response,10,0.0,0.0,0.0,0.0,False
t22_closed,median_rmg_service_min,rules_workload_response_minus_rules_only_response,10,0.0,0.0,0.0,0.0,False
t22_closed,median_turnaround_min,rules_workload_response_minus_rules_only_response,10,-0.1,0.31622776601683794,-0.3262157162798205,0.12621571627982048,False
t22_closed,p90_rmg_delivery_pre_service_min,rules_workload_response_minus_rules_only_response,10,-0.060000000000081856,0.5834761729877264,-0.47739370981618606,0.3573937098160223,False
t22_closed,p90_rmg_delivery_service_min,rules_workload_response_minus_rules_only_response,10,0.26000000000003637,0.960555394897499,-0.4271399353072684,0.9471399353073411,False
t22_closed,p90_rmg_pre_service_min,rules_workload_response_minus_rules_only_response,10,0.1,0.31622776601683794,-0.12621571627982048,0.3262157162798205,False
t22_closed,p90_rmg_receive_pre_service_min,rules_workload_response_minus_rules_only_response,10,0.01999999999998181,0.6356099432828543,-0.4346879624310305,0.4746879624309941,False
t22_closed,p90_rmg_receive_service_min,rules_workload_response_minus_rules_only_response,10,-0.2,0.7888106377466155,-0.7642811372151657,0.3642811372151657,False
t22_closed,p90_rmg_service_min,rules_workload_response_minus_rules_only_response,10,0.010000000000036379,0.667416245265615,-0.46744082020773225,0.487440820207805,False
t22_closed,p90_turnaround_min,rules_workload_response_minus_rules_only_response,10,-0.1,0.8755950357709131,-0.7263629556723539,0.5263629556723539,False
t22_closed,rmg_delivery_events,rules_workload_response_minus_rules_only_response,10,-13.0,48.712307365684175,-47.84668547980785,21.846685479807853,False
t22_closed,rmg_events,rules_workload_response_minus_rules_only_response,10,-21.5,47.10803187001837,-55.19905592490381,12.19905592490381,False
t22_closed,rmg_receive_events,rules_workload_response_minus_rules_only_response,10,-13.0,23.865363092891663,-30.072252301997473,4.072252301997473,False
t22_closed,zero_inter_arrival_share,rules_workload_response_minus_rules_only_response,10,0.0,0.0,0.0,0.0,False
