seed,scenario,sim_cases,sim_events,rmg_events,mean_turnaround_min,median_turnaround_min,p90_turnaround_min,max_turnaround_min,mean_rmg_service_min,median_rmg_service_min,p90_rmg_service_min,mean_rmg_pre_service_min,median_rmg_pre_service_min,p90_rmg_pre_service_min,rmg_receive_events,mean_rmg_receive_service_min,median_rmg_receive_service_min,p90_rmg_receive_service_min,mean_rmg_receive_pre_service_min,median_rmg_receive_pre_service_min,p90_rmg_receive_pre_service_min,rmg_delivery_events,mean_rmg_delivery_service_min,median_rmg_delivery_service_min,p90_rmg_delivery_service_min,mean_rmg_delivery_pre_service_min,median_rmg_delivery_pre_service_min,p90_rmg_delivery_pre_service_min,mean_inter_arrival_min,zero_inter_arrival_share,arrival_span_min,arrival_rate_per_elapsed_hour,service_events_above_24h,turnaround_cases_above_24h,gate_arrivals,closed_period_gate_arrivals,sunday_gate_arrivals,night_gate_arrivals,arrival_calendar_compliance,demand_multiplier,nominal_cases,experiment
42,calendar_demand_x1.00,2000,6197,1537,32.33,28.0,55.0,852.0,10.878985035783996,8.0,22.0,7.758620689655173,5.0,18.0,933,10.781350482315112,8.0,21.0,7.739549839228296,5.0,18.0,498,9.126506024096386,7.0,18.30000000000001,7.931726907630522,5.0,18.0,0.6423211605802901,0.5652826413206603,1284.0,93.41121495327104,0,0,2000,0,0,465,True,1.0,2000,calendar_preserving
42,calendar_demand_x1.20,2400,7382,1844,32.509166666666665,28.0,55.0,163.0,11.433839479392624,9.0,23.0,8.476138828633406,6.0,20.0,1103,11.83227561196736,9.0,23.0,8.382592928377154,6.0,19.0,612,9.09313725490196,6.0,18.899999999999977,8.854575163398692,6.0,22.0,0.5339724885368904,0.6227594831179658,1281.0,112.36533957845434,0,0,2400,0,0,549,True,1.2,2400,calendar_preserving
42,calendar_demand_x1.50,3000,9272,2318,32.01533333333333,28.0,54.0,440.0,10.784728213977568,8.0,22.0,8.027610008628129,5.0,19.0,1375,11.097454545454545,8.0,22.0,8.169454545454546,5.0,20.0,776,8.408505154639176,6.0,17.0,7.844072164948454,5.0,18.0,0.4448149383127709,0.6665555185061687,1334.0,134.88755622188904,0,0,3000,0,0,672,True,1.5,3000,calendar_preserving
42,calendar_demand_x2.00,4000,12328,3050,31.93475,28.0,54.0,370.0,10.978360655737704,8.0,22.0,7.969180327868853,5.0,18.0,1805,11.334072022160663,9.0,22.0,8.02825484764543,5.0,18.0,1012,8.644268774703557,6.0,17.0,7.866600790513834,5.0,18.0,0.3450862715678919,0.7186796699174793,1380.0,173.8695652173913,0,0,4000,0,0,841,True,2.0,4000,calendar_preserving
42,calendar_demand_x2.40,4800,14850,3668,32.107083333333335,28.0,54.0,1210.0,11.034078516902945,8.5,22.0,8.189749182115595,6.0,19.0,2187,11.279835390946502,9.0,22.0,8.323273891175125,5.0,19.0,1206,9.076285240464346,7.0,18.0,7.99502487562189,6.0,19.0,0.2844342571369035,0.7599499895811628,1365.0,210.94505494505492,0,0,4800,0,0,938,True,2.4,4800,calendar_preserving
42,calendar_demand_x3.00,6000,18536,4610,32.2135,28.0,54.0,880.0,11.196963123644252,8.0,22.0,8.076789587852495,6.0,19.0,2763,11.485703944987332,9.0,22.0,8.099529496923633,6.0,19.0,1515,8.90957095709571,7.0,17.0,8.076567656765677,5.0,19.0,0.2348724787464577,0.7921320220036673,1409.0,255.45777146912704,0,0,6000,0,0,1378,True,3.0,6000,calendar_preserving
43,calendar_demand_x1.00,2000,6173,1506,31.6765,27.0,53.0,417.0,10.776892430278885,8.0,20.0,8.231075697211155,6.0,19.0,925,10.97945945945946,9.0,20.0,8.205405405405406,5.0,19.0,474,8.459915611814345,6.0,16.0,8.158227848101266,6.0,19.0,0.7048524262131065,0.545272636318159,1409.0,85.12420156139106,0,0,2000,0,0,419,True,1.0,2000,calendar_preserving
43,calendar_demand_x1.20,2400,7438,1823,31.964166666666667,27.0,54.09999999999991,252.0,10.938014262205156,8.0,22.0,8.007679648930335,5.0,18.0,1116,11.080645161290322,8.0,21.5,7.812724014336918,5.0,18.0,570,9.029824561403508,6.0,17.0,8.212280701754386,5.0,18.0,0.5685702375989996,0.6098374322634431,1364.0,105.52785923753666,0,0,2400,0,0,518,True,1.2,2400,calendar_preserving
43,calendar_demand_x1.50,3000,9266,2261,32.24766666666667,28.0,54.0,279.0,11.126492702344096,9.0,22.0,7.956656346749226,5.0,18.0,1384,11.356936416184972,9.0,21.0,8.199421965317919,6.0,19.0,720,8.919444444444444,7.0,17.0,7.386111111111111,5.0,17.0,0.4668222740913638,0.6545515171723908,1400.0,128.52857142857144,0,0,3000,0,0,667,True,1.5,3000,calendar_preserving
43,calendar_demand_x2.00,4000,12383,3030,31.69375,28.0,53.0,467.0,10.82970297029703,8.0,22.0,8.18910891089109,5.0,19.0,1817,11.032471106219042,8.0,22.0,8.20968629609246,5.0,20.0,996,8.690763052208835,6.0,17.0,8.109437751004016,5.0,19.0,0.3645911477869467,0.7051762940735183,1458.0,164.5679012345679,0,0,4000,0,0,773,True,2.0,4000,calendar_preserving
43,calendar_demand_x2.40,4800,14808,3649,31.936666666666667,28.0,54.0,251.0,11.072622636338725,8.0,22.0,8.112359550561798,5.0,19.0,2197,11.634046426945837,9.0,23.0,8.301775147928995,5.0,20.0,1197,8.591478696741854,6.0,17.0,7.800334168755222,5.0,19.0,0.3069389456136695,0.7447384871848302,1473.0,195.4786150712831,0,0,4800,0,0,1009,True,2.4,4800,calendar_preserving
43,calendar_demand_x3.00,6000,18546,4550,31.81083333333333,27.0,54.0,552.0,11.025714285714283,8.0,22.0,8.074285714285715,5.0,19.0,2758,11.405003625815809,8.0,22.300000000000185,8.087382160986222,5.0,19.0,1477,8.998645903859174,7.0,17.0,8.031144211238997,5.0,19.0,0.2435405900983497,0.7882980496749459,1461.0,246.3655030800821,0,0,6000,0,0,1131,True,3.0,6000,calendar_preserving
44,calendar_demand_x1.00,2000,6162,1532,32.018,28.0,54.0,327.0,11.191906005221933,9.0,22.0,8.102480417754569,5.0,19.0,903,11.473975636766337,9.0,21.0,7.861572535991141,5.0,19.0,508,8.85236220472441,7.0,19.0,8.726377952755906,6.0,20.0,0.6773386693346674,0.5302651325662832,1354.0,88.58197932053176,0,0,2000,0,0,498,True,1.0,2000,calendar_preserving
44,calendar_demand_x1.20,2400,7402,1833,32.125,28.0,55.0,476.0,11.099836333878889,9.0,23.0,8.068739770867431,5.0,18.0,1092,11.371794871794872,9.0,23.0,8.05952380952381,6.0,18.0,608,9.049342105263158,7.0,18.0,8.070723684210526,5.0,18.0,0.5514797832430179,0.5956648603584827,1323.0,108.79818594104307,0,0,2400,0,0,547,True,1.2,2400,calendar_preserving
44,calendar_demand_x1.50,3000,9272,2290,32.022333333333336,28.0,54.0,628.0,11.242794759825328,9.0,22.0,8.28646288209607,5.0,20.0,1364,11.463343108504398,9.0,22.0,8.527126099706745,5.0,20.0,753,9.217795484727755,7.0,18.0,7.892430278884462,5.0,19.0,0.4311437145715238,0.6695565188396132,1293.0,139.1647331786543,0,0,3000,0,0,678,True,1.5,3000,calendar_preserving
44,calendar_demand_x2.00,4000,12319,3062,32.04125,28.0,54.0,462.0,11.001632919660352,8.0,22.0,8.139451338994121,6.0,19.0,1816,11.343612334801762,9.0,22.0,8.269823788546255,6.0,19.0,1005,8.94228855721393,7.0,17.600000000000023,8.192039800995024,6.0,19.0,0.3335833958489622,0.7236809202300575,1334.0,179.86506746626688,0,0,4000,0,0,976,True,2.0,4000,calendar_preserving
44,calendar_demand_x2.40,4800,14717,3646,31.577291666666667,28.0,53.0,208.0,11.15112452002194,8.0,22.0,8.230663741086122,6.0,19.0,2149,11.315495579339228,9.0,22.0,8.284783620288506,6.0,19.0,1213,8.873866446826051,7.0,17.0,8.0840890354493,6.0,18.799999999999955,0.2879766618045426,0.7572410918941446,1382.0,208.35021707670043,0,0,4800,0,0,1009,True,2.4,4800,calendar_preserving
44,calendar_demand_x3.00,6000,18434,4604,32.272666666666666,28.0,55.0,246.0,11.412250217202432,8.0,23.0,8.315377932232842,6.0,19.699999999999815,2756,11.63679245283019,9.0,23.0,8.333817126269956,6.0,19.0,1491,9.04896042924212,7.0,18.0,8.310529845741113,5.0,20.0,0.2405400900150025,0.7871311885314219,1443.0,249.43866943866945,0,0,6000,0,0,1268,True,3.0,6000,calendar_preserving
45,calendar_demand_x1.00,2000,6194,1497,32.058,28.0,53.100000000000136,330.0,10.852371409485638,8.0,21.40000000000009,8.04742818971276,5.0,19.0,901,11.27968923418424,9.0,21.0,7.924528301886792,5.0,19.0,487,8.447638603696099,6.0,16.400000000000034,8.252566735112936,6.0,19.400000000000038,0.6878439219609805,0.5407703851925963,1375.0,87.22909090909091,0,0,2000,0,0,425,True,1.0,2000,calendar_preserving
45,calendar_demand_x1.20,2400,7430,1808,32.276666666666664,28.0,55.0,341.0,11.130530973451329,8.0,23.0,8.146570796460177,5.0,19.0,1068,11.375468164794007,9.0,23.0,8.29868913857678,5.0,19.0,612,8.588235294117647,6.0,17.0,7.939542483660131,5.0,18.0,0.5652355147978324,0.5977490621092122,1356.0,106.15044247787613,0,0,2400,0,0,543,True,1.2,2400,calendar_preserving
45,calendar_demand_x1.50,3000,9278,2265,32.30266666666667,28.0,56.0,335.0,11.253863134657836,9.0,22.0,8.141721854304636,6.0,19.0,1350,11.56074074074074,9.0,22.0,8.125185185185185,6.0,19.0,752,8.644946808510639,7.0,17.0,8.253989361702128,5.0,20.0,0.4618206068689563,0.6535511837279093,1385.0,129.92057761732852,0,0,3000,0,0,667,True,1.5,3000,calendar_preserving
45,calendar_demand_x2.00,4000,12377,3009,32.31075,28.0,55.0,1132.0,11.015619807244931,8.0,23.0,8.140910601528747,5.0,19.0,1774,11.390078917700112,9.0,23.0,8.293686583990981,6.0,20.0,1013,8.629812438302073,6.0,18.0,7.839091806515301,5.0,18.800000000000068,0.3410852713178294,0.7164291072768192,1364.0,175.9090909090909,0,0,4000,0,0,830,True,2.0,4000,calendar_preserving
45,calendar_demand_x2.40,4800,14863,3600,31.918125,28.0,54.0,555.0,10.589444444444444,8.0,21.0,8.294444444444444,6.0,19.0,2114,10.883632923368022,9.0,20.0,8.519867549668874,6.0,20.0,1219,8.598851517637408,6.0,17.0,8.126333059885152,5.0,19.0,0.2854761408626797,0.754115440716816,1370.0,210.17518248175185,0,0,4800,0,0,1016,True,2.4,4800,calendar_preserving
45,calendar_demand_x3.00,6000,18530,4532,32.04783333333334,28.0,54.0,441.0,11.087599293909973,8.0,22.0,8.009929390997351,5.0,18.0,2667,11.468316460442445,9.0,22.0,8.06674165729284,5.0,18.0,1520,8.70592105263158,6.0,17.0,7.848026315789474,5.0,18.0,0.2342057009501583,0.7919653275545925,1405.0,256.1850533807829,0,0,6000,0,0,1431,True,3.0,6000,calendar_preserving
46,calendar_demand_x1.00,2000,6175,1540,32.388,28.0,55.0,308.0,11.163636363636364,8.0,23.0,8.86038961038961,6.0,20.0,957,11.596656217345872,9.0,23.399999999999977,8.86833855799373,6.0,20.0,472,8.370762711864407,6.0,16.0,8.709745762711865,5.0,19.900000000000038,0.6538269134567284,0.5577788894447223,1307.0,91.76740627390971,0,0,2000,0,0,414,True,1.0,2000,calendar_preserving
46,calendar_demand_x1.20,2400,7434,1835,32.3625,28.0,54.0,549.0,11.035967302452317,9.0,22.0,8.361852861035421,6.0,19.0,1141,11.45048203330412,9.0,22.0,8.112182296231376,6.0,19.0,565,8.753982300884955,7.0,18.0,8.842477876106194,6.0,20.0,0.5831596498541058,0.6065027094622759,1399.0,102.88777698355968,0,0,2400,0,0,538,True,1.2,2400,calendar_preserving
46,calendar_demand_x1.50,3000,9270,2310,32.29966666666667,28.0,54.0,390.0,11.34978354978355,8.0,22.0,7.9787878787878785,5.0,19.0,1428,11.599439775910364,9.0,22.0,7.925070028011205,5.0,19.0,716,9.097765363128492,7.0,18.0,8.097765363128492,5.0,18.0,0.4498166055351784,0.6635545181727243,1349.0,133.38769458858414,0,0,3000,0,0,655,True,1.5,3000,calendar_preserving
46,calendar_demand_x2.00,4000,12372,3047,32.2755,28.0,54.0,651.0,10.9793239251723,8.0,22.0,8.25533311453889,6.0,19.0,1863,11.088030059044552,9.0,22.0,8.3467525496511,6.0,19.0,951,8.520504731861198,7.0,17.0,8.394321766561514,6.0,19.0,0.3565891472868217,0.7189297324331083,1426.0,168.2608695652174,0,0,4000,0,0,934,True,2.0,4000,calendar_preserving
46,calendar_demand_x2.40,4800,14853,3635,32.341875,28.0,54.0,1113.0,10.825584594222834,8.0,21.0,8.378266850068776,6.0,19.0,2205,11.081179138321996,9.0,21.0,8.587301587301587,6.0,20.0,1158,8.585492227979275,6.0,17.0,8.01986183074266,5.5,19.0,0.2971452385913732,0.7555740779329027,1426.0,201.921458625526,0,0,4800,0,0,896,True,2.4,4800,calendar_preserving
46,calendar_demand_x3.00,6000,18570,4555,32.303333333333335,28.0,54.0,578.0,10.935455543358946,8.0,22.0,8.070911086717892,5.0,19.0,2768,11.385838150289016,9.0,22.0,8.227239884393063,6.0,19.0,1446,8.43222683264177,6.0,17.0,7.892807745504841,5.0,19.0,0.2398733122187031,0.7929654942490415,1439.0,250.1320361362057,0,0,6000,0,0,1291,True,3.0,6000,calendar_preserving
47,calendar_demand_x1.00,2000,6211,1533,32.348,28.0,53.0,614.0,10.61187214611872,8.0,21.0,8.452054794520548,6.0,19.0,907,10.965821389195147,9.0,20.0,8.489525909592063,6.0,19.0,525,8.487619047619047,6.0,17.0,8.325714285714286,6.0,18.0,0.7078539269634817,0.5457728864432216,1415.0,84.76325088339223,0,0,2000,0,0,430,True,1.0,2000,calendar_preserving
47,calendar_demand_x1.20,2400,7483,1824,32.3925,28.0,53.0,1036.0,10.752741228070176,8.0,21.0,8.12938596491228,6.0,19.0,1074,11.06610800744879,9.0,21.0,8.097765363128492,5.0,19.0,629,8.689984101748808,6.0,16.0,8.456279809220986,6.0,18.0,0.5989995831596499,0.5977490621092122,1437.0,100.1670146137787,0,0,2400,0,0,526,True,1.2,2400,calendar_preserving
47,calendar_demand_x1.50,3000,9295,2294,32.191,28.0,55.0,396.0,10.852659110723629,8.0,22.0,8.387968613775065,6.0,19.0,1356,11.07669616519174,9.0,23.0,8.46165191740413,6.0,19.0,791,9.208596713021493,6.0,18.0,8.514538558786347,6.0,20.0,0.4824941647215738,0.6528842947649216,1447.0,124.35383552176918,0,0,3000,0,0,640,True,1.5,3000,calendar_preserving
47,calendar_demand_x2.00,4000,12377,3049,32.20225,27.0,55.0,485.0,10.993768448671696,8.0,22.0,8.348310921613644,6.0,20.0,1804,11.611419068736142,9.0,22.0,8.291574279379157,6.0,19.0,1043,8.386385426653883,6.0,16.0,8.548418024928091,6.0,20.0,0.3485871467866966,0.7176794198549638,1394.0,172.12338593974175,0,0,4000,0,0,837,True,2.0,4000,calendar_preserving
47,calendar_demand_x2.40,4800,14849,3675,32.10854166666667,28.0,55.0,928.0,11.103401360544218,8.0,22.0,7.946666666666666,5.0,18.0,2185,11.416475972540043,9.0,22.0,8.052631578947368,5.0,19.0,1246,8.68378812199037,6.0,17.0,7.725521669341894,5.0,17.0,0.2888101687851636,0.7582829756199209,1386.0,207.74891774891776,0,0,4800,0,0,1059,True,2.4,4800,calendar_preserving
47,calendar_demand_x3.00,6000,18523,4609,32.002833333333335,28.0,54.0,551.0,10.952918203514862,8.0,22.0,8.250379691907138,6.0,19.0,2736,11.194809941520468,9.0,22.0,8.15643274853801,6.0,19.0,1559,9.098139833226428,6.0,19.0,8.361128928800513,6.0,19.0,0.2330388398066344,0.7929654942490415,1398.0,257.46781115879827,0,0,6000,0,0,1217,True,3.0,6000,calendar_preserving
48,calendar_demand_x1.00,2000,6207,1528,32.696,28.0,55.0,279.0,10.958769633507853,8.0,22.0,8.118455497382199,5.0,19.0,901,11.153163152053274,9.0,22.0,7.885682574916759,5.0,19.0,507,9.055226824457591,6.0,18.0,8.299802761341223,5.0,20.400000000000038,0.7238619309654828,0.535767883941971,1447.0,82.88873531444368,0,0,2000,0,0,408,True,1.0,2000,calendar_preserving
48,calendar_demand_x1.20,2400,7417,1841,32.62833333333333,28.0,56.0,432.0,10.9565453557849,8.0,22.0,8.656708310700706,6.0,20.0,1086,11.11878453038674,9.0,22.0,8.427255985267035,6.0,19.5,615,8.824390243902439,7.0,18.0,9.076422764227642,7.0,21.0,0.5835764902042517,0.6035848270112547,1400.0,102.81428571428572,0,0,2400,0,0,502,True,1.2,2400,calendar_preserving
48,calendar_demand_x1.50,3000,9314,2277,32.45133333333333,28.0,55.0,581.0,11.071146245059287,8.0,22.0,7.934123847167325,5.0,18.0,1349,11.476649369903631,9.0,22.0,8.028169014084508,5.0,18.0,755,8.870198675496688,6.0,17.0,7.802649006622516,6.0,17.0,0.4734911637212404,0.6588862954318107,1420.0,126.71830985915491,0,0,3000,0,0,622,True,1.5,3000,calendar_preserving
48,calendar_demand_x2.00,4000,12444,3042,32.302,28.0,53.0,708.0,11.065417488494411,9.0,22.0,8.015450361604207,5.0,19.0,1813,11.286817429674572,9.0,21.0,8.053502482073911,5.0,19.0,988,9.037449392712553,7.0,18.0,7.851214574898785,5.0,18.0,0.3403350837709427,0.7254313578394599,1361.0,176.29684055841292,0,0,4000,0,0,791,True,2.0,4000,calendar_preserving
48,calendar_demand_x2.40,4800,14853,3677,32.16416666666667,28.0,55.0,388.0,10.976883328800652,8.0,21.0,8.293173782975252,6.0,19.0,2225,11.173483146067417,9.0,21.0,8.503820224719101,6.0,20.0,1172,8.68259385665529,6.0,17.0,7.912969283276451,6.0,18.0,0.2936028339237341,0.7549489476974369,1409.0,204.35770049680625,0,0,4800,0,0,1071,True,2.4,4800,calendar_preserving
48,calendar_demand_x3.00,6000,18527,4571,31.952,28.0,54.0,539.0,11.16626558739882,8.0,22.0,8.0409100853205,5.0,19.0,2759,11.31823124320406,9.0,21.0,8.114534251540412,5.0,19.0,1459,8.864976010966416,6.0,18.0,7.9396847155586014,5.0,18.0,0.2368728121353558,0.7892982163693949,1421.0,253.30049261083744,0,0,6000,0,0,1256,True,3.0,6000,calendar_preserving
49,calendar_demand_x1.00,2000,6137,1531,31.733,28.0,53.0,156.0,11.133899412148924,8.0,23.0,8.133899412148923,6.0,19.0,940,11.512765957446808,9.0,23.0,8.254255319148935,6.0,19.0,480,8.78125,6.0,18.0,7.916666666666667,5.0,19.0,0.704352176088044,0.5567783891945973,1408.0,85.1846590909091,0,0,2000,0,0,440,True,1.0,2000,calendar_preserving
49,calendar_demand_x1.20,2400,7402,1848,31.655416666666667,28.0,52.0,199.0,10.88095238095238,8.0,21.299999999999955,7.964285714285714,5.0,19.0,1133,11.214474845542806,9.0,22.0,8.019417475728156,5.0,18.0,575,8.714782608695652,7.0,17.0,8.0,6.0,19.0,0.5731554814506045,0.6106711129637349,1375.0,104.68363636363635,0,0,2400,0,0,469,True,1.2,2400,calendar_preserving
49,calendar_demand_x1.50,3000,9247,2293,31.761666666666667,28.0,54.0,474.0,11.04797208896642,8.0,21.0,7.889664195377235,5.0,18.0,1393,11.28140703517588,9.0,22.0,7.917444364680546,5.0,17.0,724,8.803867403314918,7.0,18.0,8.0207182320442,6.0,18.0,0.4541513837945982,0.6675558519506503,1362.0,132.11453744493392,0,0,3000,0,0,697,True,1.5,3000,calendar_preserving
49,calendar_demand_x2.00,4000,12318,3070,31.95225,28.0,54.0,399.0,11.280456026058632,9.0,23.0,8.239739413680782,5.0,19.0,1863,11.421900161030596,9.0,22.0,8.474503488996243,6.0,20.0,982,8.895112016293279,6.0,18.0,7.961303462321792,5.0,18.0,0.3483370842710677,0.7154288572143036,1393.0,172.24694903086862,0,0,4000,0,0,926,True,2.0,4000,calendar_preserving
49,calendar_demand_x2.40,4800,14793,3655,31.762916666666666,28.0,54.0,282.0,11.03419972640219,8.0,22.0,8.147469220246238,6.0,19.0,2202,11.334241598546775,9.0,23.0,8.0858310626703,5.0,19.0,1184,8.78885135135135,7.0,17.0,8.24831081081081,5.5,19.700000000000045,0.2965201083559075,0.7518232965201084,1423.0,202.34715390021083,0,0,4800,0,0,996,True,2.4,4800,calendar_preserving
49,calendar_demand_x3.00,6000,18477,4535,32.04783333333334,28.0,55.0,453.0,10.83175303197354,8.0,22.0,8.159206174200662,5.0,19.0,2712,11.035398230088497,9.0,22.0,8.284660766961652,6.0,19.0,1485,8.653872053872053,7.0,17.0,7.8545454545454545,5.0,18.0,0.2413735622603767,0.7871311885314219,1448.0,248.5773480662984,0,0,6000,0,0,1168,True,3.0,6000,calendar_preserving
50,calendar_demand_x1.00,2000,6178,1579,32.143,28.0,53.100000000000136,245.0,10.92716909436352,9.0,22.0,8.16846105129829,6.0,19.0,938,11.430703624733477,9.0,22.0,8.415778251599146,6.0,19.0,513,8.610136452241715,7.0,16.0,7.76803118908382,6.0,18.0,0.6778389194597298,0.5417708854427213,1355.0,88.51660516605166,0,0,2000,0,0,433,True,1.0,2000,calendar_preserving
50,calendar_demand_x1.20,2400,7388,1883,31.72083333333333,28.0,54.0,171.0,10.969198088157196,9.0,22.0,8.078597981943707,6.0,19.0,1110,11.102702702702702,9.0,22.0,8.327927927927927,6.0,19.0,620,8.6,7.0,17.0,7.814516129032258,5.0,19.0,0.5910796165068779,0.5881617340558566,1418.0,101.50916784203103,0,0,2400,0,0,499,True,1.2,2400,calendar_preserving
50,calendar_demand_x1.50,3000,9230,2358,31.892666666666667,28.0,54.0,169.0,10.942324003392706,8.0,22.0,8.11492790500424,5.0,19.0,1404,11.12891737891738,9.0,21.0,8.239316239316238,5.0,19.0,769,8.958387516254877,7.0,18.0,7.785435630689207,5.0,17.200000000000045,0.4694898299433144,0.6575525175058353,1408.0,127.79829545454544,0,0,3000,0,0,638,True,1.5,3000,calendar_preserving
50,calendar_demand_x2.00,4000,12320,3109,32.011,28.0,54.0,535.0,10.95529109038276,9.0,22.0,8.269218398198777,6.0,19.0,1864,11.078862660944203,9.0,21.0,8.430793991416309,6.0,20.0,998,8.79058116232465,7.0,17.0,7.981963927855712,6.0,17.0,0.3558389597399349,0.7149287321830458,1423.0,168.61560084328883,0,0,4000,0,0,907,True,2.0,4000,calendar_preserving
50,calendar_demand_x2.40,4800,14793,3699,32.0225,28.0,54.0,374.0,11.157880508245473,9.0,22.0,8.127602054609353,5.0,19.0,2200,11.503636363636364,9.0,22.0,8.026818181818182,5.0,19.0,1212,8.825907590759076,7.0,17.0,8.303630363036303,6.0,20.0,0.2948530943946655,0.7578662221296103,1415.0,203.4911660777385,0,0,4800,0,0,912,True,2.4,4800,calendar_preserving
50,calendar_demand_x3.00,6000,18559,4604,32.5135,28.0,55.0,1083.0,11.155299739357082,8.0,23.0,8.137706342311034,6.0,19.0,2754,11.355482933914306,8.5,22.0,8.305010893246187,6.0,19.0,1495,8.91772575250836,6.0,18.0,8.037458193979933,6.0,19.0,0.2320386731121853,0.7942990498416402,1392.0,258.57758620689657,0,0,6000,0,0,1347,True,3.0,6000,calendar_preserving
51,calendar_demand_x1.00,2000,6162,1503,32.5605,28.0,55.100000000000136,651.0,11.067864271457086,8.0,22.0,8.255489021956087,5.0,20.0,883,11.016987542468856,8.0,21.0,8.601359003397508,6.0,20.0,486,9.205761316872428,6.0,19.0,7.646090534979423,5.0,18.0,0.6498249124562281,0.5597798899449725,1299.0,92.3325635103926,0,0,2000,0,0,474,True,1.0,2000,calendar_preserving
51,calendar_demand_x1.20,2400,7391,1814,32.20375,28.0,54.0,241.0,11.047960308710032,8.0,22.0,8.385887541345094,6.0,19.0,1079,11.132530120481928,9.0,22.0,8.70713623725672,6.0,20.0,585,8.952136752136752,7.0,17.600000000000023,7.953846153846154,5.0,18.0,0.5377240516882034,0.6110879533138808,1290.0,111.5813953488372,0,0,2400,0,0,503,True,1.2,2400,calendar_preserving
51,calendar_demand_x1.50,3000,9223,2256,31.805666666666667,28.0,55.0,300.0,11.275265957446807,9.0,23.0,8.117464539007091,5.0,19.0,1343,11.68577810871184,9.0,23.0,8.333581533879375,5.0,20.0,726,8.615702479338843,6.0,17.0,7.736914600550964,5.0,18.0,0.4424808269423141,0.6708902967655885,1327.0,135.59909570459683,0,0,3000,0,0,767,True,1.5,3000,calendar_preserving
51,calendar_demand_x2.00,4000,12338,3026,32.3715,28.0,55.0,535.0,11.220753469927295,8.0,23.0,8.376404494382022,6.0,19.0,1815,11.622589531680442,9.0,23.0,8.500826446280993,6.0,20.0,967,8.768355739400207,6.0,18.0,8.300930713547054,6.0,20.0,0.3418354588647161,0.719679919979995,1367.0,175.52304316020482,0,0,4000,0,0,918,True,2.0,4000,calendar_preserving
51,calendar_demand_x2.40,4800,14792,3635,32.1725,28.0,54.0,525.0,11.005502063273727,8.0,22.0,8.30563961485557,6.0,19.0,2182,11.312557286892758,9.0,22.0,8.175527039413382,5.0,19.0,1161,8.297157622739018,6.0,17.0,8.484065460809648,6.0,19.0,0.2919358199624922,0.7530735569910398,1401.0,205.52462526766595,0,0,4800,0,0,1002,True,2.4,4800,calendar_preserving
51,calendar_demand_x3.00,6000,18500,4558,32.091833333333334,28.0,54.0,707.0,11.125932426502851,8.0,23.0,8.153795524352786,5.0,19.0,2751,11.470737913486005,9.0,23.0,8.2075608869502,5.0,19.0,1467,8.588957055214724,6.0,17.0,8.153374233128835,5.0,19.0,0.2365394232372062,0.7901316886147691,1419.0,253.65750528541227,0,0,6000,0,0,1327,True,3.0,6000,calendar_preserving
