demand_multiplier,metric,n,mean,std,ci95_lo,ci95_hi
1.0,mean_turnaround_min,10,31.627112676056335,0.13832402696249976,31.52816162810704,31.72606372400563
1.0,median_turnaround_min,10,27.9,0.31622776601683794,27.673784283720178,28.12621571627982
1.0,p90_turnaround_min,10,53.7,0.4830458915396479,53.35444978558636,54.045550214413645
1.0,mean_rmg_service_min,10,10.852073246767254,0.06500584770538063,10.805570864682734,10.898575628851775
1.0,median_rmg_service_min,10,8.0,0.0,8.0,8.0
1.0,p90_rmg_service_min,10,21.6,0.5163977794943222,21.23059128221082,21.969408717789182
1.0,mean_rmg_pre_service_min,10,7.8983357703775,0.04115928209287597,7.868892193687566,7.927779347067434
1.0,median_rmg_pre_service_min,10,5.0,0.0,5.0,5.0
1.0,p90_rmg_pre_service_min,10,18.3,0.48304589153964794,17.954449785586355,18.645550214413646
1.0,rmg_events,10,14356.5,55.05805017332968,14317.113843579229,14395.886156420771
1.0,rmg_receive_events,10,8039.5,32.76600541889583,8016.06061174252,8062.93938825748
1.0,mean_rmg_receive_service_min,10,11.273409956065347,0.065801626547044,11.226338308090817,11.320481604039877
1.0,median_rmg_receive_service_min,10,9.0,0.0,9.0,9.0
1.0,p90_rmg_receive_service_min,10,22.0,0.0,22.0,22.0
1.0,mean_rmg_receive_pre_service_min,10,8.037411940238723,0.03504806411959424,8.012340065529868,8.062483814947578
1.0,median_rmg_receive_pre_service_min,10,5.0,0.0,5.0,5.0
1.0,p90_rmg_receive_pre_service_min,10,18.8,0.4216370213557839,18.49837904496024,19.10162095503976
1.0,rmg_delivery_events,10,5340.6,54.12167362116175,5301.883687012412,5379.316312987588
1.0,mean_rmg_delivery_service_min,10,8.78436633362982,0.09395771172041198,8.717153035681422,8.851579631578216
1.0,median_rmg_delivery_service_min,10,6.3,0.48304589153964794,5.954449785586356,6.645550214413643
1.0,p90_rmg_delivery_service_min,10,17.340000000000053,0.4718756898449781,17.00244046650978,17.677559533490328
1.0,mean_rmg_delivery_pre_service_min,10,7.724516358232417,0.09200809735793514,7.658697730382197,7.7903349860826365
1.0,median_rmg_delivery_pre_service_min,10,5.1,0.31622776601683794,4.8737842837201795,5.32621571627982
1.0,p90_rmg_delivery_pre_service_min,10,18.1,0.3162277660168379,17.87378428372018,18.326215716279822
1.0,mean_inter_arrival_min,10,0.8281873567715612,0.006893065142394227,0.8232563550186438,0.8331183585244786
1.0,zero_inter_arrival_share,10,0.5422055782236879,0.0026001504164092394,0.5403455426667471,0.5440656137806287
1.0,arrival_rate_per_elapsed_hour,10,72.45191303851455,0.605848895442154,72.0185148471853,72.8853112298438
1.2,mean_turnaround_min,10,31.632584395260455,0.10322410994904298,31.558742315345732,31.706426475175178
1.2,median_turnaround_min,10,28.0,0.0,28.0,28.0
1.2,p90_turnaround_min,10,53.7,0.48304589153964794,53.35444978558636,54.045550214413645
1.2,mean_rmg_service_min,10,10.943406194594388,0.05321724821681606,10.905336868565733,10.981475520623043
1.2,median_rmg_service_min,10,8.0,0.0,8.0,8.0
1.2,p90_rmg_service_min,10,21.9,0.3162277660168379,21.673784283720178,22.12621571627982
1.2,mean_rmg_pre_service_min,10,7.906970722297688,0.09856735073280319,7.836459887247744,7.977481557347631
1.2,median_rmg_pre_service_min,10,5.0,0.0,5.0,5.0
1.2,p90_rmg_pre_service_min,10,18.2,0.4216370213557839,17.89837904496024,18.50162095503976
1.2,rmg_events,10,14360.8,47.27414139299036,14326.98211648069,14394.617883519308
1.2,rmg_receive_events,10,8044.1,45.40056289420992,8011.6223937986715,8076.577606201329
1.2,mean_rmg_receive_service_min,10,11.346828684411712,0.06705122153008286,11.298863130036398,11.394794238787025
1.2,median_rmg_receive_service_min,10,9.0,0.0,9.0,9.0
1.2,p90_rmg_receive_service_min,10,22.0,0.0,22.0,22.0
1.2,mean_rmg_receive_pre_service_min,10,7.999808017741321,0.09454177269951484,7.932176907738015,8.067439127744628
1.2,median_rmg_receive_pre_service_min,10,5.1,0.31622776601683794,4.8737842837201795,5.32621571627982
1.2,p90_rmg_receive_pre_service_min,10,18.6,0.5163977794943222,18.23059128221082,18.969408717789182
1.2,rmg_delivery_events,10,5340.1,43.68180399205142,5308.851919849029,5371.348080150971
1.2,mean_rmg_delivery_service_min,10,8.865780119721835,0.1306695523523509,8.772304753046486,8.959255486397184
1.2,median_rmg_delivery_service_min,10,6.8,0.4216370213557839,6.498379044960239,7.101620955039761
1.2,p90_rmg_delivery_service_min,10,17.53000000000002,0.5034326612809653,17.16986596906149,17.890134030938547
1.2,mean_rmg_delivery_pre_service_min,10,7.773811548626618,0.1278072561589303,7.682383745300165,7.865239351953071
1.2,median_rmg_delivery_pre_service_min,10,5.0,0.0,5.0,5.0
1.2,p90_rmg_delivery_pre_service_min,10,18.1,0.5676462121975466,17.693930361956397,18.506069638043606
1.2,mean_inter_arrival_min,10,0.7145044994690066,0.005711094301477611,0.7104190287197949,0.7185899702182184
1.2,zero_inter_arrival_share,10,0.6001509138673076,0.0022388718196270445,0.5985493214495543,0.6017525062850608
1.2,arrival_rate_per_elapsed_hour,10,83.97912884690892,0.674239981748363,83.4968066196837,84.46145107413415
1.5,mean_turnaround_min,10,32.20343729040912,0.7096024390259538,31.695818285158275,32.711056295659965
1.5,median_turnaround_min,10,28.1,0.3162277660168379,27.87378428372018,28.326215716279822
1.5,p90_turnaround_min,10,54.8,1.3165611772087666,53.85818886975084,55.741811130249154
1.5,mean_rmg_service_min,10,10.913313113893341,0.047497510864802375,10.879335441479789,10.947290786306894
1.5,median_rmg_service_min,10,8.0,0.0,8.0,8.0
1.5,p90_rmg_service_min,10,22.0,0.0,22.0,22.0
1.5,mean_rmg_pre_service_min,10,8.592614183269195,0.8549571555258721,7.981014677754726,9.204213688783662
1.5,median_rmg_pre_service_min,10,5.2,0.4216370213557839,4.898379044960239,5.501620955039761
1.5,p90_rmg_pre_service_min,10,19.6,1.7763883459298973,18.329248329053243,20.87075167094676
1.5,rmg_events,10,14343.4,47.549272689845985,14309.385299407437,14377.414700592562
1.5,rmg_receive_events,10,8035.4,34.4615728021807,8010.747675905349,8060.05232409465
1.5,mean_rmg_receive_service_min,10,11.34536033739802,0.08051573184654576,11.287762852582311,11.402957822213729
1.5,median_rmg_receive_service_min,10,9.0,0.0,9.0,9.0
1.5,p90_rmg_receive_service_min,10,22.03000000000002,0.0948683298051089,21.96213528511603,22.097864714884007
1.5,mean_rmg_receive_pre_service_min,10,8.438104242684393,0.47860970002114267,8.09572748850972,8.780480996859065
1.5,median_rmg_receive_pre_service_min,10,5.2,0.4216370213557839,4.898379044960239,5.501620955039761
1.5,p90_rmg_receive_pre_service_min,10,19.46999999999998,0.689685918854849,18.97662841499644,19.96337158500352
1.5,rmg_delivery_events,10,5330.1,50.73558908695158,5293.80594596816,5366.394054031841
1.5,mean_rmg_delivery_service_min,10,8.797581514036676,0.054462319821081684,8.758621517437481,8.83654151063587
1.5,median_rmg_delivery_service_min,10,6.8,0.4216370213557839,6.498379044960239,7.101620955039761
1.5,p90_rmg_delivery_service_min,10,17.110000000000035,0.3142893217686165,16.885170963200018,17.334829036800052
1.5,mean_rmg_delivery_pre_service_min,10,8.889170224080676,1.4766208543612456,7.832859298413055,9.945481149748296
1.5,median_rmg_delivery_pre_service_min,10,5.3,0.48304589153964794,4.954449785586356,5.645550214413643
1.5,p90_rmg_delivery_pre_service_min,10,20.1,3.178049716414141,17.826560187845033,22.37343981215497
1.5,mean_inter_arrival_min,10,0.6009054832038456,0.0045820071798065845,0.5976277127245638,0.6041832536831274
1.5,zero_inter_arrival_share,10,0.6581465541333632,0.001701164948215452,0.656929614039462,0.6593634942272644
1.5,arrival_rate_per_elapsed_hour,10,99.85455969756087,0.7644827298571846,99.30768169726223,100.40143769785952
2.0,mean_turnaround_min,10,36.27149564050973,1.1264044814600904,35.465714415780944,37.07727686523851
2.0,median_turnaround_min,10,29.8,0.4216370213557839,29.49837904496024,30.10162095503976
2.0,p90_turnaround_min,10,64.4,3.0983866769659336,62.18354769326493,66.61645230673508
2.0,mean_rmg_service_min,10,10.87928102899357,0.07816221326744358,10.823367149946753,10.935194908040389
2.0,median_rmg_service_min,10,8.0,0.0,8.0,8.0
2.0,p90_rmg_service_min,10,21.8,0.4216370213557839,21.49837904496024,22.10162095503976
2.0,mean_rmg_pre_service_min,10,13.776211603733676,1.3811251252362633,12.788214207386316,14.764209000081037
2.0,median_rmg_pre_service_min,10,6.7,0.48304589153964794,6.354449785586357,7.045550214413644
2.0,p90_rmg_pre_service_min,10,33.88000000000011,4.976567313140999,30.319978204516822,37.440021795483396
2.0,rmg_events,10,14355.2,30.036274365802722,14333.713343702793,14376.686656297208
2.0,rmg_receive_events,10,8037.7,40.15262548493353,8008.976542066499,8066.423457933501
2.0,mean_rmg_receive_service_min,10,11.3140995662791,0.11890704715814453,11.229038588925942,11.39916054363226
2.0,median_rmg_receive_service_min,10,9.0,0.0,9.0,9.0
2.0,p90_rmg_receive_service_min,10,21.9,0.5676462121975466,21.493930361956394,22.306069638043603
2.0,mean_rmg_receive_pre_service_min,10,11.774760611218307,0.9097789636726272,11.123943946648259,12.425577275788354
2.0,median_rmg_receive_pre_service_min,10,6.0,0.0,6.0,6.0
2.0,p90_rmg_receive_pre_service_min,10,26.8,2.616188916046478,24.928491191582246,28.671508808417755
2.0,rmg_delivery_events,10,5341.3,45.39958394327223,5308.823094097986,5373.776905902015
2.0,mean_rmg_delivery_service_min,10,8.787304487468893,0.09099889831024371,8.722207797126938,8.852401177810847
2.0,median_rmg_delivery_service_min,10,6.5,0.5270462766947299,6.122973806200299,6.877026193799701
2.0,p90_rmg_delivery_service_min,10,17.3,0.4830458915396479,16.954449785586355,17.645550214413646
2.0,mean_rmg_delivery_pre_service_min,10,17.068699635019687,2.2020232309491448,15.49346710965238,18.643932160386992
2.0,median_rmg_delivery_pre_service_min,10,7.7,0.8232726023485646,7.111066258413514,8.288933741586487
2.0,p90_rmg_delivery_pre_service_min,10,45.38000000000002,8.424540871103282,39.35344650822417,51.40655349177587
2.0,mean_inter_arrival_min,10,0.34994131127382483,0.003423992520419704,0.3474919345783507,0.35239068796929895
2.0,zero_inter_arrival_share,10,0.7157900620423676,0.0017487278412059127,0.7145390975044978,0.7170410265802374
2.0,arrival_rate_per_elapsed_hour,10,171.47217741094286,1.6871019583373512,170.26529737396962,172.6790574479161
2.4,mean_turnaround_min,10,37.34128101945002,0.25584705903142096,37.15825905889961,37.524302980000435
2.4,median_turnaround_min,10,30.4,0.5163977794943222,30.030591282210818,30.76940871778918
2.4,p90_turnaround_min,10,67.3,0.6749485577105528,66.81717088806681,67.78282911193318
2.4,mean_rmg_service_min,10,10.876669110937522,0.09833598618648312,10.806323784113586,10.947014437761458
2.4,median_rmg_service_min,10,8.0,0.0,8.0,8.0
2.4,p90_rmg_service_min,10,21.9,0.3162277660168379,21.673784283720178,22.12621571627982
2.4,mean_rmg_pre_service_min,10,15.105872686165924,0.29553697035608667,14.894458273452049,15.317287098879799
2.4,median_rmg_pre_service_min,10,7.0,0.0,7.0,7.0
2.4,p90_rmg_pre_service_min,10,38.30000000000018,1.2373807462179183,37.41483113787806,39.1851688621223
2.4,rmg_events,10,14356.5,62.88128144015161,14311.517441065502,14401.482558934498
2.4,rmg_receive_events,10,8041.6,45.67323553728644,8008.9273355403775,8074.272664459623
2.4,mean_rmg_receive_service_min,10,11.322799827378773,0.12264990682317016,11.23506136951616,11.410538285241387
2.4,median_rmg_receive_service_min,10,9.0,0.0,9.0,9.0
2.4,p90_rmg_receive_service_min,10,21.9,0.3162277660168379,21.673784283720178,22.12621571627982
2.4,mean_rmg_receive_pre_service_min,10,12.727751424835194,0.2841488158577801,12.524483607087944,12.931019242582444
2.4,median_rmg_receive_pre_service_min,10,6.1,0.31622776601683794,5.8737842837201795,6.32621571627982
2.4,p90_rmg_receive_pre_service_min,10,30.0,0.9428090415820634,29.325555041092688,30.674444958907312
2.4,rmg_delivery_events,10,5332.8,55.22036661313368,5293.2977293930635,5372.302270606937
2.4,mean_rmg_delivery_service_min,10,8.749382684295975,0.09371835026284821,8.68234061521927,8.816424753372681
2.4,median_rmg_delivery_service_min,10,6.6,0.5163977794943222,6.23059128221082,6.96940871778918
2.4,p90_rmg_delivery_service_min,10,17.4,0.5163977794943222,17.030591282210818,17.76940871778918
2.4,mean_rmg_delivery_pre_service_min,10,19.0242403233298,0.5115200808911148,18.658320900921666,19.390159745737932
2.4,median_rmg_delivery_pre_service_min,10,8.1,0.31622776601683794,7.8737842837201795,8.32621571627982
2.4,p90_rmg_delivery_pre_service_min,10,51.2,2.1499353995462798,49.66202886454377,52.737971135456235
2.4,mean_inter_arrival_min,10,0.2931418031412442,0.00284860967218593,0.2911040305398312,0.29517957574265724
2.4,zero_inter_arrival_share,10,0.7532614163545918,0.001400749813861707,0.7522593803017087,0.7542634524074748
2.4,arrival_rate_per_elapsed_hour,10,204.6965887801117,1.9999913748024085,203.26588113826503,206.1272964219584
3.0,mean_turnaround_min,10,37.786887994634476,0.31580122222701434,37.56097740940041,38.012798579868544
3.0,median_turnaround_min,10,30.7,0.48304589153964794,30.354449785586354,31.045550214413645
3.0,p90_turnaround_min,10,68.5,0.97182531580755,67.80479804893994,69.19520195106006
3.0,mean_rmg_service_min,10,10.891723464116179,0.0853847276990528,10.830642909492237,10.952804018740121
3.0,median_rmg_service_min,10,8.0,0.0,8.0,8.0
3.0,p90_rmg_service_min,10,21.8,0.4216370213557839,21.49837904496024,22.10162095503976
3.0,mean_rmg_pre_service_min,10,15.664987810587373,0.2808405213922936,15.464086604132994,15.865889017041752
3.0,median_rmg_pre_service_min,10,7.0,0.0,7.0,7.0
3.0,p90_rmg_pre_service_min,10,40.5,1.35400640077266,39.53140217047879,41.46859782952121
3.0,rmg_events,10,14346.6,48.02360530683496,14312.245982294147,14380.954017705853
3.0,rmg_receive_events,10,8036.6,37.72178857548159,8009.615458036964,8063.584541963037
3.0,mean_rmg_receive_service_min,10,11.333827027232976,0.1661494084811236,11.214970900453064,11.452683154012888
3.0,median_rmg_receive_service_min,10,9.0,0.0,9.0,9.0
3.0,p90_rmg_receive_service_min,10,22.0,0.4714045207910317,21.662777520546342,22.337222479453658
3.0,mean_rmg_receive_pre_service_min,10,13.51243957598605,0.3397553346443359,13.26939325100785,13.755485900964251
3.0,median_rmg_receive_pre_service_min,10,6.6,0.5163977794943222,6.23059128221082,6.96940871778918
3.0,p90_rmg_receive_pre_service_min,10,32.5,1.4337208778404378,31.47437786880252,33.52562213119748
3.0,rmg_delivery_events,10,5332.6,47.70557852308493,5298.473484950186,5366.726515049815
3.0,mean_rmg_delivery_service_min,10,8.802007578051148,0.1130875723127693,8.721109602217751,8.882905553884545
3.0,median_rmg_delivery_service_min,10,6.5,0.5270462766947299,6.122973806200299,6.877026193799701
3.0,p90_rmg_delivery_service_min,10,17.2,0.4216370213557839,16.89837904496024,17.50162095503976
3.0,mean_rmg_delivery_pre_service_min,10,19.291831679795415,0.3576920098659185,19.035954230327302,19.547709129263527
3.0,median_rmg_delivery_pre_service_min,10,8.5,0.5270462766947299,8.1229738062003,8.8770261937997
3.0,p90_rmg_delivery_pre_service_min,10,52.61999999999998,1.3248060654719123,51.672290831992825,53.56770916800714
3.0,mean_inter_arrival_min,10,0.23634788441115645,0.002278857577606059,0.23471768790529238,0.23797808091702052
3.0,zero_inter_arrival_share,10,0.7913252473310602,0.0011927551516446389,0.7904720016961991,0.7921784929659214
3.0,arrival_rate_per_elapsed_hour,10,253.88442610888666,2.460943485632,252.12397319123627,255.64487902653704
