scenario,metric,n,mean_delta,std_delta,ci95_delta_lo,ci95_delta_hi,mean_delta_pct,std_delta_pct,ci95_delta_pct_lo,ci95_delta_pct_hi,ci_excludes_zero
t22_closed,mean_turnaround_min,10,0.07163536776212923,0.22824398439127927,-0.091640542718433,0.23491127824269145,0.22856779499717708,0.7231003983473852,-0.28870706867076346,0.7458426586651176,False
t22_closed,median_turnaround_min,10,0.1,0.31622776601683794,-0.12621571627982048,0.3262157162798205,0.37037037037037035,1.1712139482105108,-0.46746561585118696,1.2082063565919277,False
t22_closed,p90_turnaround_min,10,0.2,0.6324555320336759,-0.25243143255964096,0.652431432559641,0.38085255066387147,1.1859747939941991,-0.4675427085270152,1.2292478098547581,False
t22_closed,mean_rmg_service_min,10,-0.001155198036223304,0.08553722049441231,-0.062344839434436625,0.060034443361990014,-0.008629414055313775,0.786611387446564,-0.5713373023803795,0.5540784742697519,False
t22_closed,median_rmg_service_min,10,0.0,0.0,0.0,0.0,0.0,0.0,0.0,0.0,False
t22_closed,p90_rmg_service_min,10,0.2,0.6324555320336759,-0.25243143255964096,0.652431432559641,0.9740259740259738,2.9665000314320022,-1.1480803100211028,3.0961322580730504,False
t22_closed,mean_rmg_pre_service_min,10,0.08081928132620594,0.12825802352185772,-0.010930981546302926,0.1725695441987148,1.0207342133896702,1.6208763536527198,-0.1387708799203522,2.1802393066996926,False
t22_closed,median_rmg_pre_service_min,10,0.1,0.31622776601683794,-0.12621571627982048,0.3262157162798205,2.0,6.324555320336759,-2.52431432559641,6.52431432559641,False
t22_closed,p90_rmg_pre_service_min,10,0.3,0.6749485577105528,-0.18282911193318363,0.7828291119331836,1.6959064327485378,3.687767088060031,-0.9421632213065338,4.3339760868036095,False
t22_closed,rmg_events,10,5.0,42.38710495736488,-25.321908255354362,35.32190825535436,0.0354043105210304,0.2940562956967186,-0.17495089134976907,0.2457595123918299,False
t22_closed,rmg_receive_events,10,9.9,15.807522822307668,-1.408020617226681,21.20802061722668,0.12306004303604912,0.19673610348835607,-0.017676487248105777,0.263796573320204,False
t22_closed,mean_rmg_receive_service_min,10,-0.0019401462757087985,0.1414139127597253,-0.10310156536871139,0.0992212728172938,-0.014194231108972522,1.2505602274336522,-0.9087911261358806,0.8804026639179355,False
t22_closed,median_rmg_receive_service_min,10,0.0,0.0,0.0,0.0,0.0,0.0,0.0,0.0,False
t22_closed,p90_rmg_receive_service_min,10,-0.1,0.31622776601683794,-0.3262157162798205,0.12621571627982048,-0.4545454545454546,1.4373989364401727,-1.4827987103628206,0.5737078012719115,False
t22_closed,mean_rmg_receive_pre_service_min,10,0.09405322942821917,0.13573586600752433,-0.0030463597081721583,0.1911528185646105,1.1737668139185398,1.6955632946031831,-0.03916609838621987,2.3866997262232994,False
t22_closed,median_rmg_receive_pre_service_min,10,0.4,0.5163977794943223,0.03059128221082008,0.76940871778918,8.0,10.327955589886445,0.6118256442164025,15.388174355783597,True
t22_closed,p90_rmg_receive_pre_service_min,10,0.0,0.4714045207910317,-0.3372224794536563,0.3372224794536563,0.029239766081871288,2.5507401739841393,-1.7954498327144974,1.85392936487824,False
t22_closed,rmg_delivery_events,10,-5.8,38.87529921285352,-33.60971376359071,22.00971376359071,-0.10545796036208914,0.720444656131733,-0.6208330204955851,0.40991709977140683,False
t22_closed,mean_rmg_delivery_service_min,10,0.02850859232864167,0.08762886392569658,-0.03417732064296902,0.09119450530025236,0.32623113391000697,0.998053366444364,-0.3877332343032393,1.0401955021232532,False
t22_closed,median_rmg_delivery_service_min,10,0.3,0.6749485577105528,-0.18282911193318363,0.7828291119331836,5.238095238095238,10.753895038701158,-2.4547778439233037,12.93096832011378,False
t22_closed,p90_rmg_delivery_service_min,10,0.05999999999994543,0.5891613625409994,-0.3614606494248449,0.48146064942473576,0.3910299752081679,3.39646907063067,-2.0386576303832467,2.820717580799583,False
t22_closed,mean_rmg_delivery_pre_service_min,10,0.07416502443931963,0.2309235661714604,-0.0910277433728083,0.23935779225144757,0.9613730894404149,2.9763013977704187,-1.1677446697047962,3.0904908485856257,False
t22_closed,median_rmg_delivery_pre_service_min,10,0.0,0.4714045207910317,-0.3372224794536563,0.3372224794536563,0.3333333333333332,8.670939117834076,-5.869482845860456,6.536149512527122,False
t22_closed,p90_rmg_delivery_pre_service_min,10,-0.1,0.5676462121975466,-0.5060696380436043,0.3060696380436043,-0.5263157894736843,3.1030297557238056,-2.7460895546631736,1.6934579757158048,False
t22_closed,mean_inter_arrival_min,10,0.0,0.0,0.0,0.0,0.0,0.0,0.0,0.0,False
t22_closed,zero_inter_arrival_share,10,0.0,0.0,0.0,0.0,0.0,0.0,0.0,0.0,False
t22_closed,arrival_rate_per_elapsed_hour,10,0.0,0.0,0.0,0.0,0.0,0.0,0.0,0.0,False
demand_plus_20pct,mean_turnaround_min,10,0.005471719204114223,0.19780185185200183,-0.1360272015320016,0.14697063994023002,0.019437178524147995,0.6239184568751636,-0.4268871983640606,0.4657615554123566,False
demand_plus_20pct,median_turnaround_min,10,0.1,0.31622776601683794,-0.12621571627982048,0.3262157162798205,0.37037037037037035,1.1712139482105108,-0.46746561585118696,1.2082063565919277,False
demand_plus_20pct,p90_turnaround_min,10,0.0,0.816496580927726,-0.5840864678680845,0.5840864678680845,0.010482180293501054,1.5263218083118506,-1.0813826660160142,1.1023470266030164,False
demand_plus_20pct,mean_rmg_service_min,10,0.09133294782713275,0.07608525720717399,0.03690483364142655,0.14576106201283895,0.8443798949262519,0.7036256246232186,0.3410364451341099,1.3477233447183938,True
demand_plus_20pct,median_rmg_service_min,10,0.0,0.0,0.0,0.0,0.0,0.0,0.0,0.0,False
demand_plus_20pct,p90_rmg_service_min,10,0.3,0.48304589153964794,-0.04555021441364382,0.6455502144136438,1.4285714285714284,2.300218531141181,-0.2169057829221137,3.0740486400649703,False
demand_plus_20pct,mean_rmg_pre_service_min,10,0.00863495192018826,0.11321293218056457,-0.07235270096036711,0.08962260480074363,0.11279582586094095,1.4363559517541207,-0.9147113236584361,1.140302975380318,False
demand_plus_20pct,median_rmg_pre_service_min,10,0.0,0.0,0.0,0.0,0.0,0.0,0.0,0.0,False
demand_plus_20pct,p90_rmg_pre_service_min,10,-0.1,0.5676462121975466,-0.5060696380436043,0.3060696380436043,-0.49707602339181295,3.051320549285278,-2.679859250653238,1.6857072038696124,False
demand_plus_20pct,rmg_events,10,4.3,33.62555245312377,-19.75427116442091,28.35427116442091,0.030370687088389664,0.2335349527324938,-0.13669015413433253,0.19743152831111185,False
demand_plus_20pct,rmg_receive_events,10,4.6,25.966645271707062,-13.975419020006152,23.175419020006153,0.05700168716721558,0.32276080630741766,-0.17388748460145573,0.2878908589358869,False
demand_plus_20pct,mean_rmg_receive_service_min,10,0.07341872834636423,0.04888875431943177,0.03844582031965555,0.10839163637307292,0.6520554837937648,0.43472527646611575,0.3410717550737224,0.9630392125138072,True
demand_plus_20pct,median_rmg_receive_service_min,10,0.0,0.0,0.0,0.0,0.0,0.0,0.0,0.0,False
demand_plus_20pct,p90_rmg_receive_service_min,10,0.0,0.0,0.0,0.0,0.0,0.0,0.0,0.0,False
demand_plus_20pct,mean_rmg_receive_pre_service_min,10,-0.03760392249740363,0.11334994842950806,-0.11868959089787091,0.043481745903063654,-0.46428234907908095,1.4122132344631504,-1.4745188390554649,0.5459541408973031,False
demand_plus_20pct,median_rmg_receive_pre_service_min,10,0.1,0.31622776601683794,-0.12621571627982048,0.3262157162798205,2.0,6.324555320336759,-2.52431432559641,6.52431432559641,False
demand_plus_20pct,p90_rmg_receive_pre_service_min,10,-0.2,0.6324555320336759,-0.652431432559641,0.25243143255964096,-1.0233918128654973,3.39105658033427,-3.449207556144883,1.4024239304138884,False
demand_plus_20pct,rmg_delivery_events,10,-0.5,36.06552678420519,-26.299723652551158,25.299723652551158,-0.005718926059327367,0.6718899501465789,-0.4863600419489682,0.4749221898303134,False
demand_plus_20pct,mean_rmg_delivery_service_min,10,0.08141378609201855,0.1420530763436824,-0.020204863084812702,0.1830324352688498,0.9338452793385865,1.626646864193485,-0.22978778853774884,2.097478347214922,False
demand_plus_20pct,median_rmg_delivery_service_min,10,0.5,0.5270462766947299,0.12297380620029924,0.8770261937997008,8.333333333333334,8.784104611578833,2.0495634366716526,14.617103229995015,True
demand_plus_20pct,p90_rmg_delivery_service_min,10,0.18999999999996361,0.7519604008486079,-0.3479200657635573,0.7279200657634846,1.1748929456838035,4.304205725790831,-1.904150344979144,4.253936236346751,False
demand_plus_20pct,mean_rmg_delivery_pre_service_min,10,0.04929519039420125,0.13487627233080823,-0.04718948246922249,0.145779863257625,0.6460782548691631,1.7508067731003054,-0.6063734612883548,1.8985299710266812,False
demand_plus_20pct,median_rmg_delivery_pre_service_min,10,-0.1,0.31622776601683794,-0.3262157162798205,0.12621571627982048,-1.6666666666666667,5.2704627669473,-5.436928604663676,2.1035952713303416,False
demand_plus_20pct,p90_rmg_delivery_pre_service_min,10,0.0,0.6666666666666666,-0.4769046039804431,0.4769046039804431,0.029239766081871288,3.655815366999666,-2.5859730036550195,2.644452535818762,False
demand_plus_20pct,mean_inter_arrival_min,10,-0.11368285730255434,0.0011858230578094498,-0.11453114401621758,-0.1128345705888911,-13.726492720601996,0.030558159811502218,-13.74835271125691,-13.704632729947082,True
demand_plus_20pct,zero_inter_arrival_share,10,0.057945335643619686,0.0008134239778405427,0.05736344718358932,0.05852722410365005,10.687556102387301,0.1837838711875011,10.556085040927298,10.819027163847304,True
demand_plus_20pct,arrival_rate_per_elapsed_hour,10,11.527215808394361,0.06907354734167166,11.477803569283605,11.576628047505118,15.910450893567656,0.041048305230803064,15.88108670494241,15.939815082192903,True
