seed,scenario,sim_cases,sim_events,rmg_events,mean_turnaround_min,median_turnaround_min,p90_turnaround_min,max_turnaround_min,mean_rmg_service_min,median_rmg_service_min,p90_rmg_service_min,mean_rmg_pre_service_min,median_rmg_pre_service_min,p90_rmg_pre_service_min,rmg_receive_events,mean_rmg_receive_service_min,median_rmg_receive_service_min,p90_rmg_receive_service_min,mean_rmg_receive_pre_service_min,median_rmg_receive_pre_service_min,p90_rmg_receive_pre_service_min,rmg_delivery_events,mean_rmg_delivery_service_min,median_rmg_delivery_service_min,p90_rmg_delivery_service_min,mean_rmg_delivery_pre_service_min,median_rmg_delivery_pre_service_min,p90_rmg_delivery_pre_service_min,mean_inter_arrival_min,zero_inter_arrival_share,arrival_span_min,arrival_rate_per_elapsed_hour,service_events_above_24h,turnaround_cases_above_24h,demand_multiplier
42,demand_x1.00,17892,54994,14457,31.48401520232506,28.0,53.0,352.0,10.794909040603168,8.0,21.0,7.943349242581449,5.0,19.0,8040,11.275124378109453,9.0,22.0,8.038059701492537,5.0,19.0,5441,8.6934387061202,6.0,17.0,7.8200698401029225,5.0,18.0,0.8192946174053993,0.5416131015594433,14658.0,73.23372902169464,0,0,1.0
42,demand_x1.20,17892,54968,14413,31.729488039347196,28.0,54.0,406.0,11.016790397557761,8.0,22.0,7.98314022063415,5.0,19.0,8063,11.368597296291703,9.0,22.0,8.080863202282028,5.0,19.0,5376,8.999813988095237,7.0,18.0,7.843377976190476,5.0,19.0,0.7070594153484993,0.5991839472360405,12650.0,84.85849802371541,0,0,1.2
42,demand_x1.50,17892,54963,14398,32.16823161189358,28.0,55.0,252.0,10.925753576885679,8.0,22.0,8.571468259480483,5.0,20.0,8024,11.415752741774677,9.0,22.0,8.475199401794615,5.0,20.0,5403,8.764760318341661,7.0,17.0,8.742180270220247,6.0,20.0,0.5950477893913141,0.6601084344083618,10646.0,100.8322374600789,0,0,1.5
42,demand_x2.00,17892,54922,14373,37.1182092555332,30.0,67.0,271.0,10.912753078689208,8.0,22.0,15.003339595074097,7.0,38.80000000000109,8038,11.380691714356805,9.0,22.0,12.747325205274944,6.0,30.0,5365,8.796085740913327,6.0,17.0,18.819571295433363,8.0,52.600000000000364,0.3454809680845118,0.7158347772623107,6181.0,173.67092703446045,0,0,2.0
42,demand_x2.40,17892,54904,14368,37.07003129890454,30.0,67.0,265.0,10.842358017817372,8.0,22.0,14.82043429844098,7.0,38.0,8002,11.247688077980506,9.0,22.0,12.514871282179454,6.0,29.0,5397,8.823420418751159,7.0,18.0,18.596813044283863,8.0,49.0,0.2894192610809904,0.7536191381141356,5178.0,207.3117033603708,0,0,2.4
42,demand_x3.00,17892,54970,14425,37.7092555331992,31.0,68.0,295.0,10.97629116117851,8.0,22.0,15.730259965337956,7.0,41.0,8043,11.420987193833147,9.0,22.0,13.738530399104812,7.0,33.0,5409,8.976335736735072,7.0,18.0,19.064522092808282,8.0,51.0,0.2333575540774691,0.7920742272651053,4175.0,257.1161676646707,0,0,3.0
43,demand_x1.00,17892,55044,14271,31.56052984574111,28.0,53.0,370.0,10.833438441594843,8.0,21.0,7.89082755237895,5.0,18.0,8006,11.304896327754184,9.0,22.0,8.059330502123407,5.0,19.0,5316,8.707863054928518,6.0,17.0,7.629044394281415,5.0,18.0,0.8389693141803142,0.5384830361634342,15010.0,71.51632245169887,0,0,1.0
43,demand_x1.20,17892,54989,14292,31.609210820478427,28.0,54.0,321.0,10.982087881332214,8.0,22.0,7.97243212986286,5.0,18.0,8024,11.400299102691925,9.0,22.0,8.05234297108674,5.0,19.0,5306,8.945910290237467,7.0,18.0,7.832642291745194,5.0,18.0,0.7234922586775474,0.5978424906377509,12944.0,82.93108776266996,0,0,1.2
43,demand_x1.50,17892,55079,14258,31.662307176391682,28.0,54.0,403.0,10.948239584794502,8.0,22.0,7.951325571608922,5.0,18.0,8020,11.373192019950125,9.0,22.0,8.00062344139651,5.0,19.0,5284,8.802043906131718,6.0,17.0,7.897236941710825,5.0,18.0,0.6081269912246381,0.655413336314348,10880.0,98.66360294117646,0,0,1.5
43,demand_x2.00,17892,55046,14313,35.1122848200313,29.0,61.0,358.0,10.792286732341228,8.0,21.0,12.423600922238524,6.0,28.0,8012,11.14752870693959,9.0,21.0,10.814153769345982,6.0,24.0,5328,8.838963963963964,7.0,17.0,15.02346096096096,7.0,37.0,0.3552624224470404,0.7131518640657314,6356.0,168.88923851478918,0,0,2.0
43,demand_x2.40,17892,55010,14298,37.43891124524927,30.0,67.0,293.0,10.969226465239894,8.0,22.0,15.178906140718981,7.0,38.0,8018,11.4739336492891,9.0,22.0,12.654028436018958,6.0,30.0,5304,8.7434012066365,7.0,17.0,19.27526395173454,8.0,52.0,0.29757978872058577,0.7516069532167011,5324.0,201.6265965439519,0,0,2.4
43,demand_x3.00,17892,55013,14263,37.456684551754975,30.0,68.0,304.0,10.874921124588095,8.0,22.0,15.283250368085255,7.0,39.0,8015,11.372177167810355,9.0,22.0,12.950093574547722,6.0,30.0,5277,8.835891605078643,6.0,17.0,19.190828122039036,8.0,53.0,0.23989715499413114,0.7910122407914594,4292.0,250.1071761416589,0,0,3.0
44,demand_x1.00,17892,55076,14307,31.5041918175721,28.0,54.0,396.0,10.78709722513455,8.0,21.0,7.872230376738659,5.0,18.0,8029,11.197907585004359,9.0,22.0,8.034375389214098,5.0,18.0,5317,8.74346435960128,6.0,17.400000000000546,7.615008463419222,5.0,18.0,0.8147672013861719,0.547593762226818,14577.0,73.64066680386911,0,0,1.0
44,demand_x1.20,17892,55113,14294,31.751620836127877,28.0,54.0,762.0,10.926122848747726,8.0,21.0,7.874842591297048,5.0,18.0,7978,11.334921032840311,9.0,22.0,7.955753321634495,5.0,18.0,5358,8.907801418439716,7.0,18.0,7.8167226577081,5.0,18.0,0.7034263037281314,0.6041026214297691,12585.0,85.29678188319429,0,0,1.2
44,demand_x1.50,17892,55050,14325,32.08243907891795,28.0,55.0,228.0,10.842582897033159,8.0,22.0,8.568586387434555,5.0,19.0,7992,11.263013013013014,9.0,22.0,8.23048048048048,5.0,19.0,5372,8.73938942665674,7.0,17.0,9.030342516753537,5.0,20.0,0.5920295120451624,0.660276116483148,10592.0,101.34629909365559,0,0,1.5
44,demand_x2.00,17892,55101,14357,36.48764811088755,30.0,65.0,305.0,10.828446054189595,8.0,21.0,14.099951243295953,7.0,35.0,7978,11.27588368012033,9.0,21.0,12.075708197543245,6.0,27.0,5416,8.767355982274742,7.0,17.0,17.414327917282126,8.0,47.0,0.3433011011122911,0.7195237829076072,6142.0,174.7736893520026,0,0,2.0
44,demand_x2.40,17892,55094,14265,37.33523362396602,30.0,68.0,442.0,10.697651594812479,8.0,21.0,15.22124079915878,7.0,38.0,8002,11.11397150712322,9.0,21.0,12.902649337665583,6.0,30.0,5297,8.729091938833301,7.0,17.0,19.236360203888992,9.0,52.0,0.2876306522832709,0.7563020513107149,5146.0,208.60085503303537,0,0,2.4
44,demand_x3.00,17892,55089,14296,38.12871674491393,31.0,69.0,343.0,11.036303861219922,8.0,22.0,15.883673754896474,7.0,42.0,7992,11.537412412412412,9.0,22.0,13.908408408408409,7.0,34.0,5358,8.855729749906681,7.0,18.0,19.44550205300485,9.0,53.0,0.23196020345425075,0.7934715778883238,4150.0,258.66506024096384,0,0,3.0
45,demand_x1.00,17892,55041,14328,31.702380952380953,28.0,54.0,501.0,10.900544388609715,8.0,22.0,7.93962869905081,5.0,19.0,8081,11.26184878109145,9.0,22.0,8.074495730726396,5.0,19.0,5247,8.78482942633886,6.0,18.0,7.81093958452449,5.0,19.0,0.8275669330948522,0.5407746911855122,14806.0,72.50168850466028,0,0,1.0
45,demand_x1.20,17892,55066,14353,31.73345629331545,28.0,54.0,314.0,10.969901762697694,8.0,22.0,7.888385703337281,5.0,18.0,8085,11.408905380333952,9.0,22.0,7.9713048855906,5.0,18.0,5279,8.656184883500663,6.0,17.0,7.734608827429438,5.0,18.0,0.7141020624895199,0.5989044771113968,12776.0,84.02160300563557,0,0,1.2
45,demand_x1.50,17892,54976,14341,31.740778001341383,28.0,54.0,412.0,10.917509239244126,8.0,22.0,8.08772052158148,5.0,19.0,8068,11.370228061477441,9.0,22.300000000000182,8.225086762518591,5.0,19.0,5287,8.933421600151314,7.0,18.0,7.9205598638169095,5.0,18.0,0.6003577217595439,0.658152143535856,10741.0,99.94041523135648,0,0,1.5
45,demand_x2.00,17892,55003,14304,33.83646322378717,29.0,58.0,251.0,10.841373042505593,8.0,22.0,10.828719239373601,6.0,24.0,8039,11.195795496952357,9.0,22.0,9.908321930588382,6.0,22.0,5272,8.813732928679817,6.0,18.0,12.224772382397573,6.0,27.0,0.34961712592923816,0.715331731037952,6255.0,171.61630695443645,0,0,2.0
45,demand_x2.40,17892,55023,14393,37.43628437290409,31.0,67.0,318.0,10.923365524907942,8.0,22.0,15.208365177516848,7.0,37.80000000000109,8121,11.388622090875508,9.0,22.0,12.469154045068342,6.0,29.0,5269,8.727652305940406,6.0,17.0,19.791990890111975,8.0,53.0,0.292884690626572,0.752892515790062,5240.0,204.8587786259542,0,0,2.4
45,demand_x3.00,17892,55048,14332,37.26682316118936,30.0,67.0,271.0,10.79367848171923,8.0,21.0,15.20094892548144,7.0,38.0,8053,11.063330435862412,9.0,21.0,12.908605488637775,6.0,30.0,5271,8.9159552267122,6.0,17.0,19.21191424777082,8.0,53.0,0.23609636129897715,0.7905650885920296,4224.0,254.13352272727272,0,0,3.0
46,demand_x1.00,17892,55093,14370,31.661468812877263,28.0,54.0,411.0,10.811203897007655,8.0,22.0,7.912178148921364,5.0,18.0,8089,11.203115341822228,9.0,22.0,8.043021387068858,5.0,19.0,5329,8.844623756802402,7.0,17.0,7.747607431037718,5.0,18.0,0.829076071767928,0.5428427701078755,14833.0,72.36971617339715,0,0,1.0
46,demand_x1.20,17892,55106,14374,31.485971383858708,28.0,53.0,257.0,10.897523305969111,8.0,22.0,7.811882565743704,5.0,18.0,8131,11.250399704833354,9.0,22.0,7.946501045381872,5.0,19.0,5288,8.880862329803328,7.0,17.300000000000182,7.602874432677761,5.0,18.0,0.7152199429880945,0.60097255603376,12796.0,83.89027821194124,0,0,1.2
46,demand_x1.50,17892,55048,14370,31.965682986809746,28.0,54.0,300.0,10.848364648573417,8.0,22.0,8.35838552540014,5.0,19.0,8104,11.192374136229022,9.0,22.0,8.361303060217177,5.0,19.699999999999818,5300,8.824528301886792,7.0,17.0,8.430943396226414,5.0,19.0,0.6013079201833325,0.6577049913364261,10758.0,99.7824874511991,0,0,1.5
46,demand_x2.00,17892,55062,14354,36.942879499217526,30.0,66.0,303.0,10.988853281315313,8.0,22.0,14.49909432910687,7.0,37.0,8128,11.442298228346457,9.0,22.0,12.066806102362206,6.0,28.0,5284,8.804882664647995,7.0,17.0,18.60673732021196,8.0,52.0,0.35039964227824044,0.7170644458107428,6269.0,171.23305152336897,0,0,2.0
46,demand_x2.40,17892,55084,14384,37.13028169014085,30.0,67.0,431.0,10.914418798665183,8.0,22.0,14.916991101223582,7.0,38.0,8095,11.355281037677578,9.0,22.0,12.82557134033354,6.0,31.0,5322,8.741450582487786,6.0,18.0,18.487222848553177,8.0,49.0,0.2934995249007881,0.754178078363423,5251.0,204.42963245096172,0,0,2.4
46,demand_x3.00,17892,55064,14372,37.74183992845965,31.0,68.0,492.0,10.83370442527136,8.0,21.0,15.596854995825217,7.0,40.0,8095,11.186411365040149,9.0,22.0,13.468807906114886,7.0,32.0,5323,8.865489385684764,7.0,17.0,19.17245913958294,8.0,52.0,0.2366553015482645,0.7930244256888939,4234.0,253.53330184222958,0,0,3.0
47,demand_x1.00,17892,55088,14425,31.63816230717639,28.0,54.0,293.0,10.981629116117851,8.0,22.0,7.911403812824957,5.0,18.0,8056,11.360476663356504,9.0,22.0,7.972318768619663,5.0,19.0,5383,8.973806427642579,6.0,18.0,7.857142857142857,6.0,18.0,0.8317589849645073,0.5412777374098708,14881.0,72.13628116390028,0,0,1.0
47,demand_x1.20,17892,55059,14373,31.57209926224011,28.0,54.0,202.0,10.993738259236068,8.0,22.0,7.967647672719683,5.0,18.0,8048,11.359219681908549,9.0,22.0,7.970924453280318,5.0,19.0,5349,8.953636193681062,7.0,17.0,7.9383062254627035,5.0,18.0,0.7172880219104578,0.5986250069867531,12833.0,83.64840645211564,0,0,1.2
47,demand_x1.50,17892,55088,14405,32.86765034652358,28.0,56.0,395.0,10.928080527594584,8.0,22.0,9.51655675112808,6.0,21.0,8054,11.362056121182022,9.0,22.0,9.024335733796871,6.0,20.0,5360,8.805783582089552,7.0,17.0,10.396268656716417,6.0,23.0,0.6033759991056956,0.6580403554859986,10795.0,99.44048170449283,0,0,1.5
47,demand_x2.00,17892,55107,14386,37.457970042477086,30.0,68.0,335.0,10.896149033782844,8.0,22.0,15.24836646739886,7.0,39.0,8041,11.28304937196866,9.0,22.0,12.572938689217759,6.0,29.0,5366,8.910920611256056,7.0,18.0,19.613865076407006,9.0,55.0,0.3517410988765301,0.7152199429880945,6293.0,170.5800095344033,0,0,2.0
47,demand_x2.40,17892,55118,14419,37.28185781354795,30.0,67.0,399.0,10.905888064359525,8.0,22.0,15.015049587350024,7.0,37.20000000000073,8062,11.454229719672538,9.0,22.0,12.799801538079882,6.0,30.0,5357,8.641963785700952,6.0,17.0,18.75490013067015,8.0,51.0,0.2946174053993628,0.7527248337152759,5271.0,203.65395560614684,0,0,2.4
47,demand_x3.00,17892,55080,14382,38.13520008942544,31.0,70.0,394.0,10.958072590738423,8.0,22.0,15.92991239048811,7.0,42.0,8063,11.418826739427013,9.0,22.0,13.672950514696764,7.0,33.0,5344,8.785179640718562,6.0,17.0,19.64258982035928,9.0,53.0,0.23754960594712426,0.7902856184673859,4250.0,252.57882352941178,0,0,3.0
48,demand_x1.00,17892,55059,14336,31.68622848200313,28.0,54.0,228.0,10.888671875,8.0,22.0,7.84814453125,5.0,18.0,8007,11.295491444985638,9.0,22.0,7.99063319595354,5.0,19.0,5314,8.70380127963869,6.0,17.0,7.739932254422281,5.0,18.0,0.8285171315186407,0.53999217483651,14823.0,72.41853875733658,0,0,1.0
48,demand_x1.20,17892,55024,14334,31.7583836351442,28.0,54.0,249.0,10.986116924794196,8.0,22.0,8.102413841216688,5.0,19.0,8002,11.348912771807049,9.0,22.0,8.206448387903023,6.0,19.0,5319,8.860500094002631,7.0,18.0,7.968979131415679,5.0,19.0,0.7147727907886647,0.5983455368621095,12788.0,83.94275883640914,0,0,1.2
48,demand_x1.50,17892,55083,14362,33.964285714285715,29.0,58.0,319.0,10.92278234229216,8.0,22.0,10.636053474446456,6.0,24.0,8018,11.293838862559241,9.0,22.0,9.537041656273384,6.0,21.0,5332,8.779632408102026,6.0,17.0,12.458927231807952,6.0,28.0,0.6010843440836174,0.6553574422894193,10754.0,99.81960200855495,0,0,1.5
48,demand_x2.00,17892,55095,14336,35.50547730829421,30.0,62.0,340.0,10.929059709821429,8.0,22.0,12.687569754464286,6.0,30.0,8022,11.325355272999252,9.0,22.0,11.040139616055846,6.0,24.0,5299,8.901490847329685,6.0,18.0,15.65333081713531,7.0,41.19999999999982,0.350064278128668,0.714493320664021,6263.0,171.39709404438767,0,0,2.0
48,demand_x2.40,17892,55029,14312,37.68008048289738,31.0,68.0,320.0,10.787311347121296,8.0,22.0,15.685648406931247,7.0,41.0,8002,11.174331417145714,9.0,22.0,13.37453136715821,7.0,32.0,5306,8.651149641914813,7.0,17.0,19.49133056916698,8.0,53.0,0.29327594880107316,0.752277681515846,5247.0,204.5854774156661,0,0,2.4
48,demand_x3.00,17892,55086,14342,38.06868991728147,31.0,70.0,488.0,10.84325756519314,8.0,22.0,15.84562822479431,7.0,41.0,7978,11.16470293306593,9.0,22.0,13.68237653547255,6.0,34.0,5362,8.776016411786646,7.0,17.0,19.671018276762403,9.0,54.0,0.23643172544854954,0.789838466267956,4230.0,253.77304964539007,0,0,3.0
49,demand_x1.00,17892,55010,14381,31.904817795662865,28.0,54.0,239.0,10.911549961755094,8.0,22.0,7.93310618176761,5.0,18.0,8027,11.369502927619285,9.0,22.0,8.051202192599975,5.0,19.0,5398,8.821044831419044,7.0,17.0,7.758799555390886,5.0,18.0,0.8295232239673579,0.5410541613101559,14841.0,72.33070547806751,0,0,1.0
49,demand_x1.20,17892,55010,14438,31.505421417393247,28.0,53.0,527.0,10.853927136722538,8.0,22.0,7.7760770189776975,5.0,18.0,8056,11.3970953326713,9.0,22.0,7.8592353525322745,5.0,18.0,5425,8.75520737327189,7.0,17.0,7.639078341013825,5.0,17.0,0.7157229892124531,0.5983455368621095,12805.0,83.8313158922296,0,0,1.2
49,demand_x1.50,17892,55039,14361,31.91644310306282,28.0,54.0,246.0,10.859828702736579,8.0,22.0,8.15033772021447,5.0,19.0,8006,11.306270297277042,9.0,22.0,8.208343742193355,5.0,19.0,5387,8.74772600705402,7.0,17.0,8.059031000556896,5.0,18.0,0.601810966407691,0.6580962495109273,10767.0,99.69908052382279,0,0,1.5
49,demand_x2.00,17892,55006,14359,36.37335121842164,30.0,65.0,401.0,10.738421895675186,8.0,22.0,13.923323351208301,7.0,34.0,8040,11.190671641791045,9.0,22.0,11.75497512437811,6.0,27.0,5366,8.65206857994782,6.0,17.0,17.377376071561685,8.0,46.0,0.3506232183779554,0.7151081549382371,6273.0,171.12386417981827,0,0,2.0
49,demand_x2.40,17892,55059,14474,37.46758327744243,31.0,68.0,637.0,10.804476993229239,8.0,22.0,15.026737598452398,7.0,38.0,8064,11.292410714285714,9.0,22.0,12.42795138888889,6.0,29.0,5451,8.742799486332784,7.0,18.0,19.034855989726655,8.0,53.0,0.2936672069755743,0.7516069532167011,5254.0,204.31290445374952,0,0,2.4
49,demand_x3.00,17892,55067,14329,37.79370668455176,31.0,68.0,416.0,10.965315095261358,8.0,22.0,15.69251168958057,7.0,40.0,8027,11.584527220630372,9.0,23.0,13.650678958515012,7.0,33.0,5336,8.749250374812593,7.0,17.0,18.877061469265367,9.0,51.0,0.23676708959812195,0.790453300542172,4236.0,253.41359773371104,0,0,3.0
50,demand_x1.00,17892,55104,14330,31.42901855577912,27.0,53.0,479.0,10.794905792044661,8.0,22.0,7.818143754361479,5.0,18.0,7994,11.175381536152114,9.0,22.0,8.024518388791593,5.0,18.0,5341,8.875678711851712,7.0,18.0,7.599325968919678,5.0,18.0,0.8281817673690682,0.5441283326812364,14817.0,72.44786394006884,0,0,1.0
50,demand_x1.20,17892,55104,14346,31.569416498993963,28.0,54.0,1002.0,10.90708211348111,8.0,22.0,7.829220688693712,5.0,18.0,7998,11.208427106776695,9.0,22.0,8.002000500125032,5.0,19.0,5349,9.026173116470368,7.0,18.0,7.62834174612077,5.0,18.0,0.714493320664021,0.6029288469062657,12783.0,83.9755925839005,0,0,1.2
50,demand_x1.50,17892,55064,14338,31.668399284596468,28.0,54.0,215.0,10.963035290835542,8.0,22.0,7.9264193053424465,5.0,18.0,8010,11.435081148564295,9.0,22.0,8.073033707865168,5.0,19.0,5330,8.78611632270169,7.0,17.100000000000364,7.7703564727954975,5.0,18.0,0.60097255603376,0.6588787658599295,10752.0,99.83816964285714,0,0,1.5
50,demand_x2.00,17892,55051,14373,37.06673373574782,30.0,66.0,344.0,10.9639602031587,8.0,22.0,14.634662213873234,7.0,37.0,8009,11.52053939318267,9.0,23.0,12.419777750031216,6.0,29.0,5375,8.749767441860465,7.0,17.0,18.306418604651164,8.0,50.0,0.3499524900788106,0.7171203398356716,6261.0,171.4518447532343,0,0,2.0
50,demand_x2.40,17892,55042,14323,37.68131008271853,31.0,68.0,273.0,11.04272847867067,8.0,22.0,15.355651748935278,7.0,40.0,7987,11.448353574558658,9.0,22.0,12.804056591961938,6.0,30.0,5334,8.973940757405325,7.0,18.0,19.412448443944506,8.0,53.0,0.2931641607512157,0.7533955620144207,5245.0,204.66348903717827,0,0,2.4
50,demand_x3.00,17892,55050,14395,38.09412027721887,31.0,69.0,379.0,10.793192080583536,8.0,22.0,16.040222299409518,7.0,42.0,8018,11.320778248939884,9.0,22.0,13.755550012471938,7.0,33.0,5377,8.609819602008555,6.0,17.0,19.871117723637717,9.0,55.0,0.2363758314236208,0.7913476049410318,4229.0,253.83305746039252,0,0,3.0
51,demand_x1.00,17892,55014,14360,31.700312989045383,28.0,54.0,489.0,10.816782729805015,8.0,21.0,7.914345403899722,5.0,19.0,8066,11.290354574758245,9.0,22.0,8.086164145797174,5.0,19.0,5320,8.695112781954887,6.0,17.0,7.667293233082707,5.0,18.0,0.8342183220613716,0.5442960147560226,14925.0,71.92361809045227,0,0,1.0
51,demand_x1.20,17892,55080,14391,31.610775765705345,28.0,53.0,237.0,10.900771315405462,8.0,22.0,7.863664790494059,5.0,18.0,8056,11.391509433962264,9.0,22.0,7.9527060575968225,5.0,18.0,5352,8.671711509715994,6.0,17.0,7.733183856502242,5.0,18.0,0.7194678888826784,0.6022581186071209,12872.0,83.39496581727781,0,0,1.2
51,demand_x1.50,17892,55071,14276,31.998155600268277,28.0,54.0,512.0,10.976954328943682,8.0,22.0,8.159288316054917,5.0,19.0,8058,11.441796971953337,9.0,22.0,8.24559444030777,5.0,19.0,5246,8.79241326725124,7.0,17.0,8.185855890202058,5.0,19.0,0.6049410318037002,0.6594377061092169,10823.0,99.18322091841449,0,0,1.5
51,demand_x2.00,17892,55032,14397,36.813939190699756,30.0,66.0,269.0,10.901507258456624,8.0,22.0,14.413488921303049,7.0,36.0,8070,11.37918215613383,9.0,22.0,12.347459727385377,6.0,28.0,5342,8.63777611381505,6.0,17.0,17.647135904155746,8.0,46.0,0.35297076742496225,0.7150522609133083,6315.0,169.9857482185273,0,0,2.0
51,demand_x2.40,17892,55024,14329,36.89123630672926,30.0,66.0,398.0,10.87926582455161,8.0,22.0,14.629702002931118,7.0,37.0,8063,11.279176485179214,9.0,22.0,12.504898920997148,6.0,30.0,5291,8.718956718956719,6.0,17.0,18.161217161217163,8.0,47.0,0.2956793918730088,0.7540103962886368,5290.0,202.9224952741021,0,0,2.4
51,demand_x3.00,17892,55088,14330,37.4738430583501,30.0,68.0,296.0,10.842498255408234,8.0,22.0,15.446615491974878,7.0,40.0,8082,11.269116555308091,9.0,22.0,13.388393961890621,6.0,33.0,5269,8.650408047067755,6.0,17.0,18.771303852723477,8.0,51.19999999999982,0.23838801632105527,0.7911799228662456,4265.0,251.6905041031653,0,0,3.0
